,Unnamed: 0,Date,Signals,Position,Trade,Portfolio
0,0,2020-01-02 00:00:00-05:00,0,Hold,,100000.0
1,1,2020-01-03 00:00:00-05:00,0,Hold,0.0,100000.0
2,2,2020-01-06 00:00:00-05:00,0,Hold,0.0,100000.0
3,3,2020-01-07 00:00:00-05:00,0,Hold,0.0,100000.0
4,4,2020-01-08 00:00:00-05:00,0,Hold,0.0,100000.0
5,5,2020-01-09 00:00:00-05:00,0,Hold,0.0,100000.0
6,6,2020-01-10 00:00:00-05:00,0,Hold,0.0,100000.0
7,7,2020-01-13 00:00:00-05:00,0,Hold,0.0,100000.0
8,8,2020-01-14 00:00:00-05:00,0,Hold,0.0,100000.0
9,9,2020-01-15 00:00:00-05:00,0,Hold,0.0,100000.0
10,10,2020-01-16 00:00:00-05:00,0,Hold,0.0,100000.0
11,11,2020-01-17 00:00:00-05:00,0,Hold,0.0,100000.0
12,12,2020-01-21 00:00:00-05:00,0,Hold,0.0,100000.0
13,13,2020-01-22 00:00:00-05:00,0,Hold,0.0,100000.0
14,14,2020-01-23 00:00:00-05:00,0,Hold,0.0,100000.0
15,15,2020-01-24 00:00:00-05:00,0,Hold,0.0,100000.0
16,16,2020-01-27 00:00:00-05:00,0,Hold,0.0,100000.0
17,17,2020-01-28 00:00:00-05:00,0,Hold,0.0,100000.0
18,18,2020-01-29 00:00:00-05:00,0,Hold,0.0,100000.0
19,19,2020-01-30 00:00:00-05:00,0,Hold,0.0,100000.0
20,20,2020-01-31 00:00:00-05:00,0,Hold,0.0,100000.0
21,21,2020-02-03 00:00:00-05:00,0,Hold,0.0,100000.0
22,22,2020-02-04 00:00:00-05:00,0,Hold,0.0,100000.0
23,23,2020-02-05 00:00:00-05:00,0,Hold,0.0,100000.0
24,24,2020-02-06 00:00:00-05:00,0,Hold,0.0,100000.0
25,25,2020-02-07 00:00:00-05:00,0,Hold,0.0,100000.0
26,26,2020-02-10 00:00:00-05:00,0,Hold,0.0,100000.0
27,27,2020-02-11 00:00:00-05:00,0,Hold,0.0,100000.0
28,28,2020-02-12 00:00:00-05:00,0,Hold,0.0,100000.0
29,29,2020-02-13 00:00:00-05:00,0,Hold,0.0,100000.0
30,30,2020-02-14 00:00:00-05:00,0,Hold,0.0,100000.0
31,31,2020-02-18 00:00:00-05:00,0,Hold,0.0,100000.0
32,32,2020-02-19 00:00:00-05:00,0,Hold,0.0,100000.0
33,33,2020-02-20 00:00:00-05:00,0,Hold,0.0,100000.0
34,34,2020-02-21 00:00:00-05:00,0,Hold,0.0,100000.0
35,35,2020-02-24 00:00:00-05:00,1,Buy,1.0,100000.0
36,36,2020-02-25 00:00:00-05:00,1,Buy,0.0,96612.76060920948
37,37,2020-02-26 00:00:00-05:00,1,Buy,0.0,98145.39270465866
38,38,2020-02-27 00:00:00-05:00,1,Buy,0.0,91729.80501042897
39,39,2020-02-28 00:00:00-05:00,1,Buy,0.0,91676.16341042094
40,40,2020-03-02 00:00:00-05:00,0,Hold,-1.0,100211.27987078288
41,41,2020-03-03 00:00:00-05:00,0,Hold,0.0,97028.61122577911
42,42,2020-03-04 00:00:00-05:00,0,Hold,0.0,101529.27229962428
43,43,2020-03-05 00:00:00-05:00,0,Hold,0.0,98235.95019212589
44,44,2020-03-06 00:00:00-05:00,0,Hold,0.0,96931.37601327673
45,45,2020-03-09 00:00:00-04:00,0,Hold,0.0,89264.87667351325
46,46,2020-03-10 00:00:00-04:00,0,Hold,0.0,95693.87215108154
47,47,2020-03-11 00:00:00-04:00,0,Hold,0.0,92370.37468108106
48,48,2020-03-12 00:00:00-04:00,1,Buy,1.0,83248.37201668971
49,49,2020-03-13 00:00:00-04:00,0,Hold,-1.0,93222.21375586237
50,50,2020-03-16 00:00:00-04:00,1,Buy,1.0,81229.45395886521
51,51,2020-03-17 00:00:00-04:00,0,Hold,-1.0,84801.12102047361
52,52,2020-03-18 00:00:00-04:00,0,Hold,0.0,82725.1858668357
53,53,2020-03-19 00:00:00-04:00,0,Hold,0.0,82091.35672114072
54,54,2020-03-20 00:00:00-04:00,0,Hold,0.0,76879.73249745241
55,55,2020-03-23 00:00:00-04:00,0,Hold,0.0,75246.48446036864
56,56,2020-03-24 00:00:00-04:00,0,Hold,0.0,82795.63167929504
57,57,2020-03-25 00:00:00-04:00,0,Hold,0.0,82339.5210794218
58,58,2020-03-26 00:00:00-04:00,0,Hold,0.0,86672.48542832478
59,59,2020-03-27 00:00:00-04:00,0,Hold,0.0,83084.04032089922
60,60,2020-03-30 00:00:00-04:00,0,Hold,0.0,85455.0827744838
61,61,2020-03-31 00:00:00-04:00,0,Hold,0.0,85280.70832450647
62,62,2020-04-01 00:00:00-04:00,0,Hold,0.0,80793.48643396086
63,63,2020-04-02 00:00:00-04:00,0,Hold,0.0,82141.65422530434
64,64,2020-04-03 00:00:00-04:00,0,Hold,0.0,80961.16222559573
65,65,2020-04-06 00:00:00-04:00,0,Hold,0.0,88024.0025488395
66,66,2020-04-07 00:00:00-04:00,0,Hold,0.0,87004.47721576966
67,67,2020-04-08 00:00:00-04:00,0,Hold,0.0,89231.33104853262
68,68,2020-04-09 00:00:00-04:00,0,Hold,0.0,89875.22911504861
69,69,2020-04-13 00:00:00-04:00,0,Hold,0.0,91639.24752296174
70,70,2020-04-14 00:00:00-04:00,-1,Sell,-1.0,96267.3401051187
71,71,2020-04-15 00:00:00-04:00,0,Hold,1.0,96267.3401051187
72,72,2020-04-16 00:00:00-04:00,0,Hold,0.0,96267.3401051187
73,73,2020-04-17 00:00:00-04:00,0,Hold,0.0,96267.3401051187
74,74,2020-04-20 00:00:00-04:00,0,Hold,0.0,96267.3401051187
75,75,2020-04-21 00:00:00-04:00,0,Hold,0.0,96267.3401051187
76,76,2020-04-22 00:00:00-04:00,0,Hold,0.0,96267.3401051187
77,77,2020-04-23 00:00:00-04:00,0,Hold,0.0,96267.3401051187
78,78,2020-04-24 00:00:00-04:00,0,Hold,0.0,96267.3401051187
79,79,2020-04-27 00:00:00-04:00,0,Hold,0.0,96267.3401051187
80,80,2020-04-28 00:00:00-04:00,0,Hold,0.0,96267.3401051187
81,81,2020-04-29 00:00:00-04:00,0,Hold,0.0,96267.3401051187
82,82,2020-04-30 00:00:00-04:00,0,Hold,0.0,96267.3401051187
83,83,2020-05-01 00:00:00-04:00,0,Hold,0.0,96267.3401051187
84,84,2020-05-04 00:00:00-04:00,0,Hold,0.0,96267.3401051187
85,85,2020-05-05 00:00:00-04:00,0,Hold,0.0,96267.3401051187
86,86,2020-05-06 00:00:00-04:00,0,Hold,0.0,96267.3401051187
87,87,2020-05-07 00:00:00-04:00,0,Hold,0.0,96267.3401051187
88,88,2020-05-08 00:00:00-04:00,-1,Sell,-1.0,96267.3401051187
89,89,2020-05-11 00:00:00-04:00,-1,Sell,0.0,96267.3401051187
90,90,2020-05-12 00:00:00-04:00,0,Hold,1.0,96267.3401051187
91,91,2020-05-13 00:00:00-04:00,0,Hold,0.0,96267.3401051187
92,92,2020-05-14 00:00:00-04:00,0,Hold,0.0,96267.3401051187
93,93,2020-05-15 00:00:00-04:00,0,Hold,0.0,96267.3401051187
94,94,2020-05-18 00:00:00-04:00,0,Hold,0.0,96267.3401051187
95,95,2020-05-19 00:00:00-04:00,0,Hold,0.0,96267.3401051187
96,96,2020-05-20 00:00:00-04:00,0,Hold,0.0,96267.3401051187
97,97,2020-05-21 00:00:00-04:00,0,Hold,0.0,96267.3401051187
98,98,2020-05-22 00:00:00-04:00,0,Hold,0.0,96267.3401051187
99,99,2020-05-26 00:00:00-04:00,0,Hold,0.0,96267.3401051187
100,100,2020-05-27 00:00:00-04:00,0,Hold,0.0,96267.3401051187
101,101,2020-05-28 00:00:00-04:00,0,Hold,0.0,96267.3401051187
102,102,2020-05-29 00:00:00-04:00,0,Hold,0.0,96267.3401051187
103,103,2020-06-01 00:00:00-04:00,0,Hold,0.0,96267.3401051187
104,104,2020-06-02 00:00:00-04:00,0,Hold,0.0,96267.3401051187
105,105,2020-06-03 00:00:00-04:00,0,Hold,0.0,96267.3401051187
106,106,2020-06-04 00:00:00-04:00,0,Hold,0.0,96267.3401051187
107,107,2020-06-05 00:00:00-04:00,-1,Sell,-1.0,96267.3401051187
108,108,2020-06-08 00:00:00-04:00,-1,Sell,0.0,96267.3401051187
109,109,2020-06-09 00:00:00-04:00,-1,Sell,0.0,96267.3401051187
110,110,2020-06-10 00:00:00-04:00,-1,Sell,0.0,96267.3401051187
111,111,2020-06-11 00:00:00-04:00,0,Hold,1.0,96267.3401051187
112,112,2020-06-12 00:00:00-04:00,0,Hold,0.0,96267.3401051187
113,113,2020-06-15 00:00:00-04:00,0,Hold,0.0,96267.3401051187
114,114,2020-06-16 00:00:00-04:00,0,Hold,0.0,96267.3401051187
115,115,2020-06-17 00:00:00-04:00,0,Hold,0.0,96267.3401051187
116,116,2020-06-18 00:00:00-04:00,0,Hold,0.0,96267.3401051187
117,117,2020-06-19 00:00:00-04:00,0,Hold,0.0,96267.3401051187
118,118,2020-06-22 00:00:00-04:00,0,Hold,0.0,96267.3401051187
119,119,2020-06-23 00:00:00-04:00,0,Hold,0.0,96267.3401051187
120,120,2020-06-24 00:00:00-04:00,0,Hold,0.0,96267.3401051187
121,121,2020-06-25 00:00:00-04:00,0,Hold,0.0,96267.3401051187
122,122,2020-06-26 00:00:00-04:00,0,Hold,0.0,96267.3401051187
123,123,2020-06-29 00:00:00-04:00,0,Hold,0.0,96267.3401051187
124,124,2020-06-30 00:00:00-04:00,0,Hold,0.0,96267.3401051187
125,125,2020-07-01 00:00:00-04:00,0,Hold,0.0,96267.3401051187
126,126,2020-07-02 00:00:00-04:00,0,Hold,0.0,96267.3401051187
127,127,2020-07-06 00:00:00-04:00,0,Hold,0.0,96267.3401051187
128,128,2020-07-07 00:00:00-04:00,0,Hold,0.0,96267.3401051187
129,129,2020-07-08 00:00:00-04:00,0,Hold,0.0,96267.3401051187
130,130,2020-07-09 00:00:00-04:00,0,Hold,0.0,96267.3401051187
131,131,2020-07-10 00:00:00-04:00,0,Hold,0.0,96267.3401051187
132,132,2020-07-13 00:00:00-04:00,0,Hold,0.0,96267.3401051187
133,133,2020-07-14 00:00:00-04:00,0,Hold,0.0,96267.3401051187
134,134,2020-07-15 00:00:00-04:00,0,Hold,0.0,96267.3401051187
135,135,2020-07-16 00:00:00-04:00,0,Hold,0.0,96267.3401051187
136,136,2020-07-17 00:00:00-04:00,0,Hold,0.0,96267.3401051187
137,137,2020-07-20 00:00:00-04:00,0,Hold,0.0,96267.3401051187
138,138,2020-07-21 00:00:00-04:00,0,Hold,0.0,96267.3401051187
139,139,2020-07-22 00:00:00-04:00,0,Hold,0.0,96267.3401051187
140,140,2020-07-23 00:00:00-04:00,0,Hold,0.0,96267.3401051187
141,141,2020-07-24 00:00:00-04:00,0,Hold,0.0,96267.3401051187
142,142,2020-07-27 00:00:00-04:00,0,Hold,0.0,96267.3401051187
143,143,2020-07-28 00:00:00-04:00,0,Hold,0.0,96267.3401051187
144,144,2020-07-29 00:00:00-04:00,0,Hold,0.0,96267.3401051187
145,145,2020-07-30 00:00:00-04:00,0,Hold,0.0,96267.3401051187
146,146,2020-07-31 00:00:00-04:00,-1,Sell,-1.0,96267.3401051187
147,147,2020-08-03 00:00:00-04:00,-1,Sell,0.0,96267.3401051187
148,148,2020-08-04 00:00:00-04:00,-1,Sell,0.0,96267.3401051187
149,149,2020-08-05 00:00:00-04:00,-1,Sell,0.0,96267.3401051187
150,150,2020-08-06 00:00:00-04:00,-1,Sell,0.0,96267.3401051187
151,151,2020-08-07 00:00:00-04:00,0,Hold,1.0,96267.3401051187
152,152,2020-08-10 00:00:00-04:00,0,Hold,0.0,96267.3401051187
153,153,2020-08-11 00:00:00-04:00,0,Hold,0.0,96267.3401051187
154,154,2020-08-12 00:00:00-04:00,0,Hold,0.0,96267.3401051187
155,155,2020-08-13 00:00:00-04:00,0,Hold,0.0,96267.3401051187
156,156,2020-08-14 00:00:00-04:00,0,Hold,0.0,96267.3401051187
157,157,2020-08-17 00:00:00-04:00,0,Hold,0.0,96267.3401051187
158,158,2020-08-18 00:00:00-04:00,0,Hold,0.0,96267.3401051187
159,159,2020-08-19 00:00:00-04:00,0,Hold,0.0,96267.3401051187
160,160,2020-08-20 00:00:00-04:00,0,Hold,0.0,96267.3401051187
161,161,2020-08-21 00:00:00-04:00,0,Hold,0.0,96267.3401051187
162,162,2020-08-24 00:00:00-04:00,0,Hold,0.0,96267.3401051187
163,163,2020-08-25 00:00:00-04:00,0,Hold,0.0,96267.3401051187
164,164,2020-08-26 00:00:00-04:00,0,Hold,0.0,96267.3401051187
165,165,2020-08-27 00:00:00-04:00,0,Hold,0.0,96267.3401051187
166,166,2020-08-28 00:00:00-04:00,0,Hold,0.0,96267.3401051187
167,167,2020-08-31 00:00:00-04:00,0,Hold,0.0,96267.3401051187
168,168,2020-09-01 00:00:00-04:00,-1,Sell,-1.0,96267.3401051187
169,169,2020-09-02 00:00:00-04:00,0,Hold,1.0,96267.3401051187
170,170,2020-09-03 00:00:00-04:00,0,Hold,0.0,96267.3401051187
171,171,2020-09-04 00:00:00-04:00,0,Hold,0.0,96267.3401051187
172,172,2020-09-08 00:00:00-04:00,0,Hold,0.0,96267.3401051187
173,173,2020-09-09 00:00:00-04:00,0,Hold,0.0,96267.3401051187
174,174,2020-09-10 00:00:00-04:00,0,Hold,0.0,96267.3401051187
175,175,2020-09-11 00:00:00-04:00,0,Hold,0.0,96267.3401051187
176,176,2020-09-14 00:00:00-04:00,0,Hold,0.0,96267.3401051187
177,177,2020-09-15 00:00:00-04:00,0,Hold,0.0,96267.3401051187
178,178,2020-09-16 00:00:00-04:00,0,Hold,0.0,96267.3401051187
179,179,2020-09-17 00:00:00-04:00,0,Hold,0.0,96267.3401051187
180,180,2020-09-18 00:00:00-04:00,0,Hold,0.0,96267.3401051187
181,181,2020-09-21 00:00:00-04:00,0,Hold,0.0,96267.3401051187
182,182,2020-09-22 00:00:00-04:00,0,Hold,0.0,96267.3401051187
183,183,2020-09-23 00:00:00-04:00,0,Hold,0.0,96267.3401051187
184,184,2020-09-24 00:00:00-04:00,0,Hold,0.0,96267.3401051187
185,185,2020-09-25 00:00:00-04:00,0,Hold,0.0,96267.3401051187
186,186,2020-09-28 00:00:00-04:00,0,Hold,0.0,96267.3401051187
187,187,2020-09-29 00:00:00-04:00,0,Hold,0.0,96267.3401051187
188,188,2020-09-30 00:00:00-04:00,0,Hold,0.0,96267.3401051187
189,189,2020-10-01 00:00:00-04:00,0,Hold,0.0,96267.3401051187
190,190,2020-10-02 00:00:00-04:00,0,Hold,0.0,96267.3401051187
191,191,2020-10-05 00:00:00-04:00,0,Hold,0.0,96267.3401051187
192,192,2020-10-06 00:00:00-04:00,0,Hold,0.0,96267.3401051187
193,193,2020-10-07 00:00:00-04:00,0,Hold,0.0,96267.3401051187
194,194,2020-10-08 00:00:00-04:00,0,Hold,0.0,96267.3401051187
195,195,2020-10-09 00:00:00-04:00,0,Hold,0.0,96267.3401051187
196,196,2020-10-12 00:00:00-04:00,-1,Sell,-1.0,96267.3401051187
197,197,2020-10-13 00:00:00-04:00,0,Hold,1.0,96267.3401051187
198,198,2020-10-14 00:00:00-04:00,0,Hold,0.0,96267.3401051187
199,199,2020-10-15 00:00:00-04:00,0,Hold,0.0,96267.3401051187
200,200,2020-10-16 00:00:00-04:00,0,Hold,0.0,96267.3401051187
201,201,2020-10-19 00:00:00-04:00,0,Hold,0.0,96267.3401051187
202,202,2020-10-20 00:00:00-04:00,0,Hold,0.0,96267.3401051187
203,203,2020-10-21 00:00:00-04:00,0,Hold,0.0,96267.3401051187
204,204,2020-10-22 00:00:00-04:00,0,Hold,0.0,96267.3401051187
205,205,2020-10-23 00:00:00-04:00,0,Hold,0.0,96267.3401051187
206,206,2020-10-26 00:00:00-04:00,0,Hold,0.0,96267.3401051187
207,207,2020-10-27 00:00:00-04:00,0,Hold,0.0,96267.3401051187
208,208,2020-10-28 00:00:00-04:00,0,Hold,0.0,96267.3401051187
209,209,2020-10-29 00:00:00-04:00,0,Hold,0.0,96267.3401051187
210,210,2020-10-30 00:00:00-04:00,1,Buy,1.0,96267.3401051187
211,211,2020-11-02 00:00:00-05:00,0,Hold,-1.0,96187.75134607025
212,212,2020-11-03 00:00:00-05:00,0,Hold,0.0,97664.59093498279
213,213,2020-11-04 00:00:00-05:00,0,Hold,0.0,101652.8758988538
214,214,2020-11-05 00:00:00-05:00,0,Hold,0.0,105260.91795917736
215,215,2020-11-06 00:00:00-05:00,0,Hold,0.0,105141.33905986999
216,216,2020-11-09 00:00:00-05:00,0,Hold,0.0,103041.86356507456
217,217,2020-11-10 00:00:00-05:00,0,Hold,0.0,102731.82664290577
218,218,2020-11-11 00:00:00-05:00,0,Hold,0.0,105850.00665705187
219,219,2020-11-12 00:00:00-05:00,0,Hold,0.0,105601.96750300005
220,220,2020-11-13 00:00:00-05:00,0,Hold,0.0,105646.25751062449
221,221,2020-11-16 00:00:00-05:00,0,Hold,0.0,106567.55560967086
222,222,2020-11-17 00:00:00-05:00,0,Hold,0.0,105761.42664180299
223,223,2020-11-18 00:00:00-05:00,0,Hold,0.0,104556.66699892202
224,224,2020-11-19 00:00:00-05:00,0,Hold,0.0,105097.02157705471
225,225,2020-11-20 00:00:00-05:00,0,Hold,0.0,103945.43329723529
226,226,2020-11-23 00:00:00-05:00,0,Hold,0.0,100853.82179262568
227,227,2020-11-24 00:00:00-05:00,0,Hold,0.0,102023.13843933075
228,228,2020-11-25 00:00:00-05:00,0,Hold,0.0,102784.96366197875
229,229,2020-11-27 00:00:00-05:00,0,Hold,0.0,103281.03510128471
230,230,2020-11-30 00:00:00-05:00,0,Hold,0.0,105460.22986228505
231,231,2020-12-01 00:00:00-05:00,0,Hold,0.0,108711.29363689989
232,232,2020-12-02 00:00:00-05:00,-1,Sell,-1.0,109030.20504570808
233,233,2020-12-03 00:00:00-05:00,0,Hold,1.0,109030.20504570808
234,234,2020-12-04 00:00:00-05:00,0,Hold,0.0,109030.20504570808
235,235,2020-12-07 00:00:00-05:00,0,Hold,0.0,109030.20504570808
236,236,2020-12-08 00:00:00-05:00,0,Hold,0.0,109030.20504570808
237,237,2020-12-09 00:00:00-05:00,0,Hold,0.0,109030.20504570808
238,238,2020-12-10 00:00:00-05:00,0,Hold,0.0,109030.20504570808
239,239,2020-12-11 00:00:00-05:00,0,Hold,0.0,109030.20504570808
240,240,2020-12-14 00:00:00-05:00,0,Hold,0.0,109030.20504570808
241,241,2020-12-15 00:00:00-05:00,-1,Sell,-1.0,109030.20504570808
242,242,2020-12-16 00:00:00-05:00,0,Hold,1.0,109030.20504570808
243,243,2020-12-17 00:00:00-05:00,0,Hold,0.0,109030.20504570808
244,244,2020-12-18 00:00:00-05:00,0,Hold,0.0,109030.20504570808
245,245,2020-12-21 00:00:00-05:00,0,Hold,0.0,109030.20504570808
246,246,2020-12-22 00:00:00-05:00,0,Hold,0.0,109030.20504570808
247,247,2020-12-23 00:00:00-05:00,0,Hold,0.0,109030.20504570808
248,248,2020-12-24 00:00:00-05:00,0,Hold,0.0,109030.20504570808
249,249,2020-12-28 00:00:00-05:00,-1,Sell,-1.0,109030.20504570808
250,250,2020-12-29 00:00:00-05:00,0,Hold,1.0,109030.20504570808
251,251,2020-12-30 00:00:00-05:00,0,Hold,0.0,109030.20504570808
252,252,2020-12-31 00:00:00-05:00,0,Hold,0.0,109030.20504570808
253,253,2021-01-04 00:00:00-05:00,0,Hold,0.0,109030.20504570808
254,254,2021-01-05 00:00:00-05:00,0,Hold,0.0,109030.20504570808
255,255,2021-01-06 00:00:00-05:00,0,Hold,0.0,109030.20504570808
256,256,2021-01-07 00:00:00-05:00,0,Hold,0.0,109030.20504570808
257,257,2021-01-08 00:00:00-05:00,0,Hold,0.0,109030.20504570808
258,258,2021-01-11 00:00:00-05:00,0,Hold,0.0,109030.20504570808
259,259,2021-01-12 00:00:00-05:00,0,Hold,0.0,109030.20504570808
260,260,2021-01-13 00:00:00-05:00,0,Hold,0.0,109030.20504570808
261,261,2021-01-14 00:00:00-05:00,0,Hold,0.0,109030.20504570808
262,262,2021-01-15 00:00:00-05:00,0,Hold,0.0,109030.20504570808
263,263,2021-01-19 00:00:00-05:00,0,Hold,0.0,109030.20504570808
264,264,2021-01-20 00:00:00-05:00,0,Hold,0.0,109030.20504570808
265,265,2021-01-21 00:00:00-05:00,0,Hold,0.0,109030.20504570808
266,266,2021-01-22 00:00:00-05:00,-1,Sell,-1.0,109030.20504570808
267,267,2021-01-25 00:00:00-05:00,-1,Sell,0.0,109030.20504570808
268,268,2021-01-26 00:00:00-05:00,-1,Sell,0.0,109030.20504570808
269,269,2021-01-27 00:00:00-05:00,0,Hold,1.0,109030.20504570808
270,270,2021-01-28 00:00:00-05:00,0,Hold,0.0,109030.20504570808
271,271,2021-01-29 00:00:00-05:00,0,Hold,0.0,109030.20504570808
272,272,2021-02-01 00:00:00-05:00,0,Hold,0.0,109030.20504570808
273,273,2021-02-02 00:00:00-05:00,0,Hold,0.0,109030.20504570808
274,274,2021-02-03 00:00:00-05:00,0,Hold,0.0,109030.20504570808
275,275,2021-02-04 00:00:00-05:00,0,Hold,0.0,109030.20504570808
276,276,2021-02-05 00:00:00-05:00,0,Hold,0.0,109030.20504570808
277,277,2021-02-08 00:00:00-05:00,0,Hold,0.0,109030.20504570808
278,278,2021-02-09 00:00:00-05:00,0,Hold,0.0,109030.20504570808
279,279,2021-02-10 00:00:00-05:00,0,Hold,0.0,109030.20504570808
280,280,2021-02-11 00:00:00-05:00,0,Hold,0.0,109030.20504570808
281,281,2021-02-12 00:00:00-05:00,0,Hold,0.0,109030.20504570808
282,282,2021-02-16 00:00:00-05:00,0,Hold,0.0,109030.20504570808
283,283,2021-02-17 00:00:00-05:00,0,Hold,0.0,109030.20504570808
284,284,2021-02-18 00:00:00-05:00,0,Hold,0.0,109030.20504570808
285,285,2021-02-19 00:00:00-05:00,0,Hold,0.0,109030.20504570808
286,286,2021-02-22 00:00:00-05:00,1,Buy,1.0,109030.20504570808
287,287,2021-02-23 00:00:00-05:00,0,Hold,-1.0,108909.0561005763
288,288,2021-02-24 00:00:00-05:00,0,Hold,0.0,108467.73976403258
289,289,2021-02-25 00:00:00-05:00,1,Buy,1.0,104694.94467944093
290,290,2021-02-26 00:00:00-05:00,0,Hold,-1.0,104928.57998130348
291,291,2021-03-01 00:00:00-05:00,0,Hold,0.0,110579.11336959209
292,292,2021-03-02 00:00:00-05:00,0,Hold,0.0,108268.71461814808
293,293,2021-03-03 00:00:00-05:00,0,Hold,0.0,105620.83669769876
294,294,2021-03-04 00:00:00-05:00,0,Hold,0.0,103950.77942868294
295,295,2021-03-05 00:00:00-05:00,0,Hold,0.0,105067.02730481995
296,296,2021-03-08 00:00:00-05:00,0,Hold,0.0,100688.51429298677
297,297,2021-03-09 00:00:00-05:00,0,Hold,0.0,104781.46336978169
298,298,2021-03-10 00:00:00-05:00,0,Hold,0.0,103820.97459475452
299,299,2021-03-11 00:00:00-05:00,0,Hold,0.0,105534.31130775368
300,300,2021-03-12 00:00:00-05:00,0,Hold,0.0,104729.54813581465
301,301,2021-03-15 00:00:00-04:00,0,Hold,0.0,107290.89396671456
302,302,2021-03-16 00:00:00-04:00,0,Hold,0.0,108658.1090211204
303,303,2021-03-17 00:00:00-04:00,0,Hold,0.0,107957.19641592847
304,304,2021-03-18 00:00:00-04:00,0,Hold,0.0,104296.89438767194
305,305,2021-03-19 00:00:00-04:00,0,Hold,0.0,103829.61708434254
306,306,2021-03-22 00:00:00-04:00,0,Hold,0.0,106771.70812902243
307,307,2021-03-23 00:00:00-04:00,0,Hold,0.0,106036.1920674568
308,308,2021-03-24 00:00:00-04:00,0,Hold,0.0,103916.15587349627
309,309,2021-03-25 00:00:00-04:00,0,Hold,0.0,104348.80962163898
310,310,2021-03-26 00:00:00-04:00,0,Hold,0.0,104885.30723692446
311,311,2021-03-29 00:00:00-04:00,0,Hold,0.0,105041.07973724292
312,312,2021-03-30 00:00:00-04:00,0,Hold,0.0,103751.74758319414
313,313,2021-03-31 00:00:00-04:00,0,Hold,0.0,105698.72629766016
314,314,2021-04-01 00:00:00-04:00,0,Hold,0.0,106434.23565962147
315,315,2021-04-05 00:00:00-04:00,0,Hold,0.0,108943.66625655434
316,316,2021-04-06 00:00:00-04:00,0,Hold,0.0,109211.91841399923
317,317,2021-04-07 00:00:00-04:00,-1,Sell,-1.0,110674.30134793816
318,318,2021-04-08 00:00:00-04:00,-1,Sell,0.0,110674.30134793816
319,319,2021-04-09 00:00:00-04:00,-1,Sell,0.0,110674.30134793816
320,320,2021-04-12 00:00:00-04:00,0,Hold,1.0,110674.30134793816
321,321,2021-04-13 00:00:00-04:00,-1,Sell,-1.0,110674.30134793816
322,322,2021-04-14 00:00:00-04:00,0,Hold,1.0,110674.30134793816
323,323,2021-04-15 00:00:00-04:00,0,Hold,0.0,110674.30134793816
324,324,2021-04-16 00:00:00-04:00,0,Hold,0.0,110674.30134793816
325,325,2021-04-19 00:00:00-04:00,0,Hold,0.0,110674.30134793816
326,326,2021-04-20 00:00:00-04:00,0,Hold,0.0,110674.30134793816
327,327,2021-04-21 00:00:00-04:00,0,Hold,0.0,110674.30134793816
328,328,2021-04-22 00:00:00-04:00,0,Hold,0.0,110674.30134793816
329,329,2021-04-23 00:00:00-04:00,0,Hold,0.0,110674.30134793816
330,330,2021-04-26 00:00:00-04:00,0,Hold,0.0,110674.30134793816
331,331,2021-04-27 00:00:00-04:00,0,Hold,0.0,110674.30134793816
332,332,2021-04-28 00:00:00-04:00,0,Hold,0.0,110674.30134793816
333,333,2021-04-29 00:00:00-04:00,0,Hold,0.0,110674.30134793816
334,334,2021-04-30 00:00:00-04:00,0,Hold,0.0,110674.30134793816
335,335,2021-05-03 00:00:00-04:00,0,Hold,0.0,110674.30134793816
336,336,2021-05-04 00:00:00-04:00,1,Buy,1.0,110674.30134793816
337,337,2021-05-05 00:00:00-04:00,1,Buy,0.0,110890.73629491434
338,338,2021-05-06 00:00:00-04:00,0,Hold,-1.0,112310.40156195345
339,339,2021-05-07 00:00:00-04:00,0,Hold,0.0,112908.72257847273
340,340,2021-05-10 00:00:00-04:00,1,Buy,1.0,109995.17160644158
341,341,2021-05-11 00:00:00-04:00,1,Buy,0.0,109180.07382947893
342,342,2021-05-12 00:00:00-04:00,1,Buy,0.0,106457.28158103603
343,343,2021-05-13 00:00:00-04:00,0,Hold,-1.0,108364.96935029143
344,344,2021-05-14 00:00:00-04:00,0,Hold,0.0,110515.44521462043
345,345,2021-05-17 00:00:00-04:00,0,Hold,0.0,109492.22995171642
346,346,2021-05-18 00:00:00-04:00,0,Hold,0.0,108260.90390509591
347,347,2021-05-19 00:00:00-04:00,0,Hold,0.0,108122.16785076815
348,348,2021-05-20 00:00:00-04:00,0,Hold,0.0,110394.0478159712
349,349,2021-05-21 00:00:00-04:00,0,Hold,0.0,108763.8522620459
350,350,2021-05-24 00:00:00-04:00,0,Hold,0.0,110211.95506910978
351,351,2021-05-25 00:00:00-04:00,0,Hold,0.0,110038.51489452554
352,352,2021-05-26 00:00:00-04:00,0,Hold,0.0,109995.17160644158
353,353,2021-05-27 00:00:00-04:00,0,Hold,0.0,108633.78218444498
354,354,2021-05-28 00:00:00-04:00,0,Hold,0.0,108052.80652582909
355,355,2021-06-01 00:00:00-04:00,0,Hold,0.0,107766.6416315473
356,356,2021-06-02 00:00:00-04:00,0,Hold,0.0,108443.02346085671
357,357,2021-06-03 00:00:00-04:00,0,Hold,0.0,107124.97732694406
358,358,2021-06-04 00:00:00-04:00,0,Hold,0.0,109162.72176935067
359,359,2021-06-07 00:00:00-04:00,0,Hold,0.0,109171.40115052724
360,360,2021-06-08 00:00:00-04:00,0,Hold,0.0,109899.7721379729
361,361,2021-06-09 00:00:00-04:00,0,Hold,0.0,110237.95299929034
362,362,2021-06-10 00:00:00-04:00,0,Hold,0.0,109353.4871951638
363,363,2021-06-11 00:00:00-04:00,0,Hold,0.0,110428.73182955314
364,364,2021-06-14 00:00:00-04:00,-1,Sell,-1.0,113142.81788792012
365,365,2021-06-15 00:00:00-04:00,0,Hold,1.0,113142.81788792012
366,366,2021-06-16 00:00:00-04:00,0,Hold,0.0,113142.81788792012
367,367,2021-06-17 00:00:00-04:00,-1,Sell,-1.0,113142.81788792012
368,368,2021-06-18 00:00:00-04:00,0,Hold,1.0,113142.81788792012
369,369,2021-06-21 00:00:00-04:00,0,Hold,0.0,113142.81788792012
370,370,2021-06-22 00:00:00-04:00,-1,Sell,-1.0,113142.81788792012
371,371,2021-06-23 00:00:00-04:00,0,Hold,1.0,113142.81788792012
372,372,2021-06-24 00:00:00-04:00,0,Hold,0.0,113142.81788792012
373,373,2021-06-25 00:00:00-04:00,0,Hold,0.0,113142.81788792012
374,374,2021-06-28 00:00:00-04:00,0,Hold,0.0,113142.81788792012
375,375,2021-06-29 00:00:00-04:00,0,Hold,0.0,113142.81788792012
376,376,2021-06-30 00:00:00-04:00,0,Hold,0.0,113142.81788792012
377,377,2021-07-01 00:00:00-04:00,0,Hold,0.0,113142.81788792012
378,378,2021-07-02 00:00:00-04:00,0,Hold,0.0,113142.81788792012
379,379,2021-07-06 00:00:00-04:00,-1,Sell,-1.0,113142.81788792012
380,380,2021-07-07 00:00:00-04:00,-1,Sell,0.0,113142.81788792012
381,381,2021-07-08 00:00:00-04:00,0,Hold,1.0,113142.81788792012
382,382,2021-07-09 00:00:00-04:00,0,Hold,0.0,113142.81788792012
383,383,2021-07-12 00:00:00-04:00,0,Hold,0.0,113142.81788792012
384,384,2021-07-13 00:00:00-04:00,0,Hold,0.0,113142.81788792012
385,385,2021-07-14 00:00:00-04:00,0,Hold,0.0,113142.81788792012
386,386,2021-07-15 00:00:00-04:00,0,Hold,0.0,113142.81788792012
387,387,2021-07-16 00:00:00-04:00,0,Hold,0.0,113142.81788792012
388,388,2021-07-19 00:00:00-04:00,0,Hold,0.0,113142.81788792012
389,389,2021-07-20 00:00:00-04:00,0,Hold,0.0,113142.81788792012
390,390,2021-07-21 00:00:00-04:00,0,Hold,0.0,113142.81788792012
391,391,2021-07-22 00:00:00-04:00,0,Hold,0.0,113142.81788792012
392,392,2021-07-23 00:00:00-04:00,0,Hold,0.0,113142.81788792012
393,393,2021-07-26 00:00:00-04:00,0,Hold,0.0,113142.81788792012
394,394,2021-07-27 00:00:00-04:00,0,Hold,0.0,113142.81788792012
395,395,2021-07-28 00:00:00-04:00,0,Hold,0.0,113142.81788792012
396,396,2021-07-29 00:00:00-04:00,0,Hold,0.0,113142.81788792012
397,397,2021-07-30 00:00:00-04:00,0,Hold,0.0,113142.81788792012
398,398,2021-08-02 00:00:00-04:00,0,Hold,0.0,113142.81788792012
399,399,2021-08-03 00:00:00-04:00,0,Hold,0.0,113142.81788792012
400,400,2021-08-04 00:00:00-04:00,0,Hold,0.0,113142.81788792012
401,401,2021-08-05 00:00:00-04:00,0,Hold,0.0,113142.81788792012
402,402,2021-08-06 00:00:00-04:00,0,Hold,0.0,113142.81788792012
403,403,2021-08-09 00:00:00-04:00,0,Hold,0.0,113142.81788792012
404,404,2021-08-10 00:00:00-04:00,0,Hold,0.0,113142.81788792012
405,405,2021-08-11 00:00:00-04:00,0,Hold,0.0,113142.81788792012
406,406,2021-08-12 00:00:00-04:00,0,Hold,0.0,113142.81788792012
407,407,2021-08-13 00:00:00-04:00,0,Hold,0.0,113142.81788792012
408,408,2021-08-16 00:00:00-04:00,-1,Sell,-1.0,113142.81788792012
409,409,2021-08-17 00:00:00-04:00,0,Hold,1.0,113142.81788792012
410,410,2021-08-18 00:00:00-04:00,0,Hold,0.0,113142.81788792012
411,411,2021-08-19 00:00:00-04:00,0,Hold,0.0,113142.81788792012
412,412,2021-08-20 00:00:00-04:00,0,Hold,0.0,113142.81788792012
413,413,2021-08-23 00:00:00-04:00,0,Hold,0.0,113142.81788792012
414,414,2021-08-24 00:00:00-04:00,0,Hold,0.0,113142.81788792012
415,415,2021-08-25 00:00:00-04:00,0,Hold,0.0,113142.81788792012
416,416,2021-08-26 00:00:00-04:00,0,Hold,0.0,113142.81788792012
417,417,2021-08-27 00:00:00-04:00,0,Hold,0.0,113142.81788792012
418,418,2021-08-30 00:00:00-04:00,-1,Sell,-1.0,113142.81788792012
419,419,2021-08-31 00:00:00-04:00,0,Hold,1.0,113142.81788792012
420,420,2021-09-01 00:00:00-04:00,0,Hold,0.0,113142.81788792012
421,421,2021-09-02 00:00:00-04:00,0,Hold,0.0,113142.81788792012
422,422,2021-09-03 00:00:00-04:00,0,Hold,0.0,113142.81788792012
423,423,2021-09-07 00:00:00-04:00,-1,Sell,-1.0,113142.81788792012
424,424,2021-09-08 00:00:00-04:00,0,Hold,1.0,113142.81788792012
425,425,2021-09-09 00:00:00-04:00,0,Hold,0.0,113142.81788792012
426,426,2021-09-10 00:00:00-04:00,0,Hold,0.0,113142.81788792012
427,427,2021-09-13 00:00:00-04:00,0,Hold,0.0,113142.81788792012
428,428,2021-09-14 00:00:00-04:00,0,Hold,0.0,113142.81788792012
429,429,2021-09-15 00:00:00-04:00,0,Hold,0.0,113142.81788792012
430,430,2021-09-16 00:00:00-04:00,0,Hold,0.0,113142.81788792012
431,431,2021-09-17 00:00:00-04:00,0,Hold,0.0,113142.81788792012
432,432,2021-09-20 00:00:00-04:00,1,Buy,1.0,113142.81788792012
433,433,2021-09-21 00:00:00-04:00,0,Hold,-1.0,113530.66827413272
434,434,2021-09-22 00:00:00-04:00,0,Hold,0.0,115446.19346240086
435,435,2021-09-23 00:00:00-04:00,0,Hold,0.0,116221.91867019457
436,436,2021-09-24 00:00:00-04:00,0,Hold,0.0,116293.1477693163
437,437,2021-09-27 00:00:00-04:00,0,Hold,0.0,115066.2723532603
438,438,2021-09-28 00:00:00-04:00,0,Hold,0.0,112327.53181855587
439,439,2021-09-29 00:00:00-04:00,0,Hold,0.0,113055.74245233853
440,440,2021-09-30 00:00:00-04:00,0,Hold,0.0,112003.00568976144
441,441,2021-10-01 00:00:00-04:00,0,Hold,0.0,112913.27203641081
442,442,2021-10-04 00:00:00-04:00,0,Hold,0.0,110134.98285782011
443,443,2021-10-05 00:00:00-04:00,0,Hold,0.0,111694.32589742684
444,444,2021-10-06 00:00:00-04:00,0,Hold,0.0,112398.7853530461
445,445,2021-10-07 00:00:00-04:00,0,Hold,0.0,113419.85387807198
446,446,2021-10-08 00:00:00-04:00,0,Hold,0.0,113111.13743268466
447,447,2021-10-11 00:00:00-04:00,0,Hold,0.0,113039.92055124717
448,448,2021-10-12 00:00:00-04:00,0,Hold,0.0,112010.92274914923
449,449,2021-10-13 00:00:00-04:00,0,Hold,0.0,111535.98470967081
450,450,2021-10-14 00:00:00-04:00,0,Hold,0.0,113791.88236319323
451,451,2021-10-15 00:00:00-04:00,0,Hold,0.0,114646.76594718071
452,452,2021-10-18 00:00:00-04:00,0,Hold,0.0,116000.30209575732
453,453,2021-10-19 00:00:00-04:00,-1,Sell,-1.0,117749.56903688161
454,454,2021-10-20 00:00:00-04:00,-1,Sell,0.0,117749.56903688161
455,455,2021-10-21 00:00:00-04:00,0,Hold,1.0,117749.56903688161
456,456,2021-10-22 00:00:00-04:00,0,Hold,0.0,117749.56903688161
457,457,2021-10-25 00:00:00-04:00,0,Hold,0.0,117749.56903688161
458,458,2021-10-26 00:00:00-04:00,0,Hold,0.0,117749.56903688161
459,459,2021-10-27 00:00:00-04:00,0,Hold,0.0,117749.56903688161
460,460,2021-10-28 00:00:00-04:00,0,Hold,0.0,117749.56903688161
461,461,2021-10-29 00:00:00-04:00,0,Hold,0.0,117749.56903688161
462,462,2021-11-01 00:00:00-04:00,0,Hold,0.0,117749.56903688161
463,463,2021-11-02 00:00:00-04:00,0,Hold,0.0,117749.56903688161
464,464,2021-11-03 00:00:00-04:00,0,Hold,0.0,117749.56903688161
465,465,2021-11-04 00:00:00-04:00,0,Hold,0.0,117749.56903688161
466,466,2021-11-05 00:00:00-04:00,0,Hold,0.0,117749.56903688161
467,467,2021-11-08 00:00:00-05:00,0,Hold,0.0,117749.56903688161
468,468,2021-11-09 00:00:00-05:00,0,Hold,0.0,117749.56903688161
469,469,2021-11-10 00:00:00-05:00,0,Hold,0.0,117749.56903688161
470,470,2021-11-11 00:00:00-05:00,0,Hold,0.0,117749.56903688161
471,471,2021-11-12 00:00:00-05:00,0,Hold,0.0,117749.56903688161
472,472,2021-11-15 00:00:00-05:00,0,Hold,0.0,117749.56903688161
473,473,2021-11-16 00:00:00-05:00,0,Hold,0.0,117749.56903688161
474,474,2021-11-17 00:00:00-05:00,-1,Sell,-1.0,117749.56903688161
475,475,2021-11-18 00:00:00-05:00,-1,Sell,0.0,117749.56903688161
476,476,2021-11-19 00:00:00-05:00,-1,Sell,0.0,117749.56903688161
477,477,2021-11-22 00:00:00-05:00,-1,Sell,0.0,117749.56903688161
478,478,2021-11-23 00:00:00-05:00,-1,Sell,0.0,117749.56903688161
479,479,2021-11-24 00:00:00-05:00,0,Hold,1.0,117749.56903688161
480,480,2021-11-26 00:00:00-05:00,0,Hold,0.0,117749.56903688161
481,481,2021-11-29 00:00:00-05:00,0,Hold,0.0,117749.56903688161
482,482,2021-11-30 00:00:00-05:00,0,Hold,0.0,117749.56903688161
483,483,2021-12-01 00:00:00-05:00,0,Hold,0.0,117749.56903688161
484,484,2021-12-02 00:00:00-05:00,0,Hold,0.0,117749.56903688161
485,485,2021-12-03 00:00:00-05:00,0,Hold,0.0,117749.56903688161
486,486,2021-12-06 00:00:00-05:00,0,Hold,0.0,117749.56903688161
487,487,2021-12-07 00:00:00-05:00,0,Hold,0.0,117749.56903688161
488,488,2021-12-08 00:00:00-05:00,-1,Sell,-1.0,117749.56903688161
489,489,2021-12-09 00:00:00-05:00,0,Hold,1.0,117749.56903688161
490,490,2021-12-10 00:00:00-05:00,-1,Sell,-1.0,117749.56903688161
491,491,2021-12-13 00:00:00-05:00,0,Hold,1.0,117749.56903688161
492,492,2021-12-14 00:00:00-05:00,0,Hold,0.0,117749.56903688161
493,493,2021-12-15 00:00:00-05:00,0,Hold,0.0,117749.56903688161
494,494,2021-12-16 00:00:00-05:00,0,Hold,0.0,117749.56903688161
495,495,2021-12-17 00:00:00-05:00,0,Hold,0.0,117749.56903688161
496,496,2021-12-20 00:00:00-05:00,0,Hold,0.0,117749.56903688161
497,497,2021-12-21 00:00:00-05:00,0,Hold,0.0,117749.56903688161
498,498,2021-12-22 00:00:00-05:00,0,Hold,0.0,117749.56903688161
499,499,2021-12-23 00:00:00-05:00,0,Hold,0.0,117749.56903688161
500,500,2021-12-27 00:00:00-05:00,0,Hold,0.0,117749.56903688161
501,501,2021-12-28 00:00:00-05:00,0,Hold,0.0,117749.56903688161
502,502,2021-12-29 00:00:00-05:00,0,Hold,0.0,117749.56903688161
503,503,2021-12-30 00:00:00-05:00,0,Hold,0.0,117749.56903688161
504,504,2021-12-31 00:00:00-05:00,0,Hold,0.0,117749.56903688161
505,505,2022-01-03 00:00:00-05:00,0,Hold,0.0,117749.56903688161
506,506,2022-01-04 00:00:00-05:00,0,Hold,0.0,117749.56903688161
507,507,2022-01-05 00:00:00-05:00,0,Hold,0.0,117749.56903688161
508,508,2022-01-06 00:00:00-05:00,0,Hold,0.0,117749.56903688161
509,509,2022-01-07 00:00:00-05:00,0,Hold,0.0,117749.56903688161
510,510,2022-01-10 00:00:00-05:00,0,Hold,0.0,117749.56903688161
511,511,2022-01-11 00:00:00-05:00,0,Hold,0.0,117749.56903688161
512,512,2022-01-12 00:00:00-05:00,0,Hold,0.0,117749.56903688161
513,513,2022-01-13 00:00:00-05:00,0,Hold,0.0,117749.56903688161
514,514,2022-01-14 00:00:00-05:00,0,Hold,0.0,117749.56903688161
515,515,2022-01-18 00:00:00-05:00,0,Hold,0.0,117749.56903688161
516,516,2022-01-19 00:00:00-05:00,1,Buy,1.0,117749.56903688163
517,517,2022-01-20 00:00:00-05:00,1,Buy,0.0,116531.19443072187
518,518,2022-01-21 00:00:00-05:00,1,Buy,0.0,115043.66511323144
519,519,2022-01-24 00:00:00-05:00,0,Hold,-1.0,114484.05520617447
520,520,2022-01-25 00:00:00-05:00,0,Hold,0.0,113180.68609923552
521,521,2022-01-26 00:00:00-05:00,0,Hold,0.0,113116.92657649302
522,522,2022-01-27 00:00:00-05:00,0,Hold,0.0,112784.02326014635
523,523,2022-01-28 00:00:00-05:00,0,Hold,0.0,120653.81529780288
524,524,2022-01-31 00:00:00-05:00,0,Hold,0.0,123805.99220974463
525,525,2022-02-01 00:00:00-05:00,0,Hold,0.0,123685.56968648266
526,526,2022-02-02 00:00:00-05:00,0,Hold,0.0,124556.83701412314
527,527,2022-02-03 00:00:00-05:00,0,Hold,0.0,122474.28068481946
528,528,2022-02-04 00:00:00-05:00,0,Hold,0.0,122268.61255306889
529,529,2022-02-07 00:00:00-05:00,0,Hold,0.0,121750.86120940142
530,530,2022-02-08 00:00:00-05:00,0,Hold,0.0,123999.20321556213
531,531,2022-02-09 00:00:00-05:00,0,Hold,0.0,125027.62029840049
532,532,2022-02-10 00:00:00-05:00,0,Hold,0.0,122077.10471258493
533,533,2022-02-11 00:00:00-05:00,0,Hold,0.0,119608.90153022754
534,534,2022-02-14 00:00:00-05:00,0,Hold,0.0,119779.13072176884
535,535,2022-02-15 00:00:00-05:00,0,Hold,0.0,122552.29875836706
536,536,2022-02-16 00:00:00-05:00,0,Hold,0.0,122382.08048455227
537,537,2022-02-17 00:00:00-05:00,0,Hold,0.0,119779.13072176884
538,538,2022-02-18 00:00:00-05:00,0,Hold,0.0,118658.49160321028
539,539,2022-02-22 00:00:00-05:00,0,Hold,0.0,116544.9180129286
540,540,2022-02-23 00:00:00-05:00,0,Hold,0.0,113530.56648028504
541,541,2022-02-24 00:00:00-05:00,0,Hold,0.0,115424.28981209653
542,542,2022-02-25 00:00:00-05:00,0,Hold,0.0,116920.81533622048
543,543,2022-02-28 00:00:00-05:00,0,Hold,0.0,117112.32317670443
544,544,2022-03-01 00:00:00-05:00,0,Hold,0.0,115750.53331528003
545,545,2022-03-02 00:00:00-05:00,0,Hold,0.0,118133.65465504625
546,546,2022-03-03 00:00:00-05:00,0,Hold,0.0,117899.60043440346
547,547,2022-03-04 00:00:00-05:00,0,Hold,0.0,115729.26558406386
548,548,2022-03-07 00:00:00-05:00,0,Hold,0.0,112984.45088317836
549,549,2022-03-08 00:00:00-05:00,0,Hold,0.0,111665.24015509227
550,550,2022-03-09 00:00:00-05:00,0,Hold,0.0,115573.22943696867
551,551,2022-03-10 00:00:00-05:00,0,Hold,0.0,112431.23876384863
552,552,2022-03-11 00:00:00-05:00,1,Buy,1.0,109743.15256984156
553,553,2022-03-14 00:00:00-04:00,1,Buy,0.0,106828.09775968827
554,554,2022-03-15 00:00:00-04:00,0,Hold,-1.0,109998.47452170053
555,555,2022-03-16 00:00:00-04:00,0,Hold,0.0,113190.12993265544
556,556,2022-03-17 00:00:00-04:00,0,Hold,0.0,113920.67868347603
557,557,2022-03-18 00:00:00-04:00,0,Hold,0.0,116303.76727006276
558,558,2022-03-21 00:00:00-04:00,0,Hold,0.0,117296.72357723885
559,559,2022-03-22 00:00:00-04:00,0,Hold,0.0,119736.56250615702
560,560,2022-03-23 00:00:00-04:00,0,Hold,0.0,120722.44412656306
561,561,2022-03-24 00:00:00-04:00,-1,Sell,-1.0,123460.1623052255
562,562,2022-03-25 00:00:00-04:00,0,Hold,1.0,123460.1623052255
563,563,2022-03-28 00:00:00-04:00,0,Hold,0.0,123460.1623052255
564,564,2022-03-29 00:00:00-04:00,0,Hold,0.0,123460.1623052255
565,565,2022-03-30 00:00:00-04:00,0,Hold,0.0,123460.1623052255
566,566,2022-03-31 00:00:00-04:00,0,Hold,0.0,123460.1623052255
567,567,2022-04-01 00:00:00-04:00,0,Hold,0.0,123460.1623052255
568,568,2022-04-04 00:00:00-04:00,0,Hold,0.0,123460.1623052255
569,569,2022-04-05 00:00:00-04:00,0,Hold,0.0,123460.1623052255
570,570,2022-04-06 00:00:00-04:00,0,Hold,0.0,123460.1623052255
571,571,2022-04-07 00:00:00-04:00,0,Hold,0.0,123460.1623052255
572,572,2022-04-08 00:00:00-04:00,0,Hold,0.0,123460.1623052255
573,573,2022-04-11 00:00:00-04:00,0,Hold,0.0,123460.1623052255
574,574,2022-04-12 00:00:00-04:00,0,Hold,0.0,123460.1623052255
575,575,2022-04-13 00:00:00-04:00,0,Hold,0.0,123460.1623052255
576,576,2022-04-14 00:00:00-04:00,0,Hold,0.0,123460.1623052255
577,577,2022-04-18 00:00:00-04:00,0,Hold,0.0,123460.1623052255
578,578,2022-04-19 00:00:00-04:00,0,Hold,0.0,123460.1623052255
579,579,2022-04-20 00:00:00-04:00,0,Hold,0.0,123460.1623052255
580,580,2022-04-21 00:00:00-04:00,0,Hold,0.0,123460.1623052255
581,581,2022-04-22 00:00:00-04:00,0,Hold,0.0,123460.1623052255
582,582,2022-04-25 00:00:00-04:00,0,Hold,0.0,123460.1623052255
583,583,2022-04-26 00:00:00-04:00,1,Buy,1.0,123460.16230522552
584,584,2022-04-27 00:00:00-04:00,0,Hold,-1.0,123279.08639372588
585,585,2022-04-28 00:00:00-04:00,0,Hold,0.0,128845.80108880543
586,586,2022-04-29 00:00:00-04:00,0,Hold,0.0,124129.41596527817
587,587,2022-05-02 00:00:00-04:00,0,Hold,0.0,124373.51695976294
588,588,2022-05-03 00:00:00-04:00,0,Hold,0.0,125570.3148048178
589,589,2022-05-04 00:00:00-04:00,0,Hold,0.0,130719.75496970261
590,590,2022-05-05 00:00:00-04:00,0,Hold,0.0,123436.54001931434
591,591,2022-05-06 00:00:00-04:00,0,Hold,0.0,124020.05532609066
592,592,2022-05-09 00:00:00-04:00,0,Hold,0.0,119903.91139674732
593,593,2022-05-10 00:00:00-04:00,0,Hold,0.0,121835.81199336603
594,594,2022-05-11 00:00:00-04:00,1,Buy,1.0,115519.68058076005
595,595,2022-05-12 00:00:00-04:00,1,Buy,0.0,112412.87123521554
596,596,2022-05-13 00:00:00-04:00,0,Hold,-1.0,116000.7074064359
597,597,2022-05-16 00:00:00-04:00,0,Hold,0.0,114762.70085327537
598,598,2022-05-17 00:00:00-04:00,0,Hold,0.0,117680.26526694871
599,599,2022-05-18 00:00:00-04:00,0,Hold,0.0,111040.83941904544
600,600,2022-05-19 00:00:00-04:00,1,Buy,1.0,108304.62968166187
601,601,2022-05-20 00:00:00-04:00,0,Hold,-1.0,108493.88673374131
602,602,2022-05-23 00:00:00-04:00,0,Hold,0.0,112846.56864761122
603,603,2022-05-24 00:00:00-04:00,0,Hold,0.0,110678.11794625767
604,604,2022-05-25 00:00:00-04:00,0,Hold,0.0,110804.27719410235
605,605,2022-05-26 00:00:00-04:00,0,Hold,0.0,113374.88852594246
606,606,2022-05-27 00:00:00-04:00,0,Hold,0.0,117995.66944666457
607,607,2022-05-31 00:00:00-04:00,0,Hold,0.0,117364.84896702459
608,608,2022-06-01 00:00:00-04:00,0,Hold,0.0,117262.3362455076
609,609,2022-06-02 00:00:00-04:00,0,Hold,0.0,119233.66387961683
610,610,2022-06-03 00:00:00-04:00,0,Hold,0.0,114636.52948522242
611,611,2022-06-06 00:00:00-04:00,0,Hold,0.0,115235.8131829533
612,612,2022-06-07 00:00:00-04:00,0,Hold,0.0,117262.3362455076
613,613,2022-06-08 00:00:00-04:00,0,Hold,0.0,116670.94280335814
614,614,2022-06-09 00:00:00-04:00,0,Hold,0.0,112475.96903945028
615,615,2022-06-10 00:00:00-04:00,0,Hold,0.0,108131.16526095352
616,616,2022-06-13 00:00:00-04:00,1,Buy,1.0,103991.38692549075
617,617,2022-06-14 00:00:00-04:00,0,Hold,-1.0,104685.26884874067
618,618,2022-06-15 00:00:00-04:00,0,Hold,0.0,106790.64598627601
619,619,2022-06-16 00:00:00-04:00,0,Hold,0.0,102556.23306466937
620,620,2022-06-17 00:00:00-04:00,0,Hold,0.0,103739.04418938483
621,621,2022-06-21 00:00:00-04:00,0,Hold,0.0,107137.6111883175
622,622,2022-06-22 00:00:00-04:00,0,Hold,0.0,106727.57242245779
623,623,2022-06-23 00:00:00-04:00,0,Hold,0.0,109030.09686765396
624,624,2022-06-24 00:00:00-04:00,0,Hold,0.0,111703.2088008028
625,625,2022-06-27 00:00:00-04:00,0,Hold,0.0,111703.2088008028
626,626,2022-06-28 00:00:00-04:00,0,Hold,0.0,108375.60562126976
627,627,2022-06-29 00:00:00-04:00,0,Hold,0.0,109787.06447493036
628,628,2022-06-30 00:00:00-04:00,0,Hold,0.0,107807.87082565625
629,629,2022-07-01 00:00:00-04:00,0,Hold,0.0,109550.51437019554
630,630,2022-07-05 00:00:00-04:00,0,Hold,0.0,111624.35472582177
631,631,2022-07-06 00:00:00-04:00,0,Hold,0.0,112696.7386330223
632,632,2022-07-07 00:00:00-04:00,0,Hold,0.0,115401.41158849676
633,633,2022-07-08 00:00:00-04:00,0,Hold,0.0,115945.49985778258
634,634,2022-07-11 00:00:00-04:00,0,Hold,0.0,114234.38097494413
635,635,2022-07-12 00:00:00-04:00,0,Hold,0.0,115015.03146917302
636,636,2022-07-13 00:00:00-04:00,0,Hold,0.0,114723.28593599313
637,637,2022-07-14 00:00:00-04:00,0,Hold,0.0,117073.09131363643
638,638,2022-07-15 00:00:00-04:00,0,Hold,0.0,118413.58634789742
639,639,2022-07-18 00:00:00-04:00,0,Hold,0.0,115969.15850431853
640,640,2022-07-19 00:00:00-04:00,0,Hold,0.0,119068.07759428163
641,641,2022-07-20 00:00:00-04:00,0,Hold,0.0,120676.67163539481
642,642,2022-07-21 00:00:00-04:00,-1,Sell,-1.0,122498.18137512339
643,643,2022-07-22 00:00:00-04:00,0,Hold,1.0,122498.18137512339
644,644,2022-07-25 00:00:00-04:00,0,Hold,0.0,122498.18137512339
645,645,2022-07-26 00:00:00-04:00,0,Hold,0.0,122498.18137512339
646,646,2022-07-27 00:00:00-04:00,0,Hold,0.0,122498.18137512339
647,647,2022-07-28 00:00:00-04:00,0,Hold,0.0,122498.18137512339
648,648,2022-07-29 00:00:00-04:00,-1,Sell,-1.0,122498.18137512339
649,649,2022-08-01 00:00:00-04:00,0,Hold,1.0,122498.18137512339
650,650,2022-08-02 00:00:00-04:00,0,Hold,0.0,122498.18137512339
651,651,2022-08-03 00:00:00-04:00,-1,Sell,-1.0,122498.18137512339
652,652,2022-08-04 00:00:00-04:00,0,Hold,1.0,122498.18137512339
653,653,2022-08-05 00:00:00-04:00,0,Hold,0.0,122498.18137512339
654,654,2022-08-08 00:00:00-04:00,0,Hold,0.0,122498.18137512339
655,655,2022-08-09 00:00:00-04:00,0,Hold,0.0,122498.18137512339
656,656,2022-08-10 00:00:00-04:00,0,Hold,0.0,122498.18137512339
657,657,2022-08-11 00:00:00-04:00,0,Hold,0.0,122498.18137512339
658,658,2022-08-12 00:00:00-04:00,0,Hold,0.0,122498.18137512339
659,659,2022-08-15 00:00:00-04:00,0,Hold,0.0,122498.18137512339
660,660,2022-08-16 00:00:00-04:00,0,Hold,0.0,122498.18137512339
661,661,2022-08-17 00:00:00-04:00,0,Hold,0.0,122498.18137512339
662,662,2022-08-18 00:00:00-04:00,0,Hold,0.0,122498.18137512339
663,663,2022-08-19 00:00:00-04:00,0,Hold,0.0,122498.18137512339
664,664,2022-08-22 00:00:00-04:00,0,Hold,0.0,122498.18137512339
665,665,2022-08-23 00:00:00-04:00,0,Hold,0.0,122498.18137512339
666,666,2022-08-24 00:00:00-04:00,0,Hold,0.0,122498.18137512339
667,667,2022-08-25 00:00:00-04:00,0,Hold,0.0,122498.18137512339
668,668,2022-08-26 00:00:00-04:00,0,Hold,0.0,122498.18137512339
669,669,2022-08-29 00:00:00-04:00,0,Hold,0.0,122498.18137512339
670,670,2022-08-30 00:00:00-04:00,1,Buy,1.0,122498.18137512339
671,671,2022-08-31 00:00:00-04:00,1,Buy,0.0,121195.41543137316
672,672,2022-09-01 00:00:00-04:00,0,Hold,-1.0,121765.8599143949
673,673,2022-09-02 00:00:00-04:00,0,Hold,0.0,120108.49334606358
674,674,2022-09-06 00:00:00-04:00,0,Hold,0.0,119121.79039686806
675,675,2022-09-07 00:00:00-04:00,0,Hold,0.0,120224.1180683902
676,676,2022-09-08 00:00:00-04:00,0,Hold,0.0,119067.82351613416
677,677,2022-09-09 00:00:00-04:00,0,Hold,0.0,121311.04015369977
678,678,2022-09-12 00:00:00-04:00,0,Hold,0.0,125982.47061810408
679,679,2022-09-13 00:00:00-04:00,0,Hold,0.0,118589.89537612018
680,680,2022-09-14 00:00:00-04:00,0,Hold,0.0,119723.05788456241
681,681,2022-09-15 00:00:00-04:00,0,Hold,0.0,117456.72103543047
682,682,2022-09-16 00:00:00-04:00,0,Hold,0.0,116169.36067789281
683,683,2022-09-19 00:00:00-04:00,0,Hold,0.0,119083.22910234673
684,684,2022-09-20 00:00:00-04:00,0,Hold,0.0,120948.72490376493
685,685,2022-09-21 00:00:00-04:00,0,Hold,0.0,118497.37903311242
686,686,2022-09-22 00:00:00-04:00,0,Hold,0.0,117741.94919306507
687,687,2022-09-23 00:00:00-04:00,0,Hold,0.0,115961.23144480592
688,688,2022-09-26 00:00:00-04:00,0,Hold,0.0,116223.33939087419
689,689,2022-09-27 00:00:00-04:00,0,Hold,0.0,116986.49568852277
690,690,2022-09-28 00:00:00-04:00,0,Hold,0.0,115506.41168411079
691,691,2022-09-29 00:00:00-04:00,1,Buy,1.0,109832.86085205092
692,692,2022-09-30 00:00:00-04:00,1,Buy,0.0,106533.55696609583
693,693,2022-10-03 00:00:00-04:00,0,Hold,-1.0,109809.71697598962
694,694,2022-10-04 00:00:00-04:00,0,Hold,0.0,112623.38992882444
695,695,2022-10-05 00:00:00-04:00,0,Hold,0.0,112854.63937347768
696,696,2022-10-06 00:00:00-04:00,0,Hold,0.0,112106.91232653662
697,697,2022-10-07 00:00:00-04:00,0,Hold,0.0,107990.49709444652
698,698,2022-10-10 00:00:00-04:00,0,Hold,0.0,108244.87858291356
699,699,2022-10-11 00:00:00-04:00,0,Hold,0.0,107134.82445379018
700,700,2022-10-12 00:00:00-04:00,0,Hold,0.0,106641.47889531615
701,701,2022-10-13 00:00:00-04:00,0,Hold,0.0,110226.01093890585
702,702,2022-10-14 00:00:00-04:00,0,Hold,0.0,106672.31373223625
703,703,2022-10-17 00:00:00-04:00,0,Hold,0.0,109778.90580356448
704,704,2022-10-18 00:00:00-04:00,0,Hold,0.0,110811.87284038763
705,705,2022-10-19 00:00:00-04:00,0,Hold,0.0,110896.66272579414
706,706,2022-10-20 00:00:00-04:00,0,Hold,0.0,110534.34747585931
707,707,2022-10-21 00:00:00-04:00,0,Hold,0.0,113525.31482486094
708,708,2022-10-24 00:00:00-04:00,0,Hold,0.0,115205.80160475857
709,709,2022-10-25 00:00:00-04:00,-1,Sell,-1.0,117433.57715936919
710,710,2022-10-26 00:00:00-04:00,0,Hold,1.0,117433.57715936919
711,711,2022-10-27 00:00:00-04:00,0,Hold,0.0,117433.57715936919
712,712,2022-10-28 00:00:00-04:00,-1,Sell,-1.0,117433.57715936919
713,713,2022-10-31 00:00:00-04:00,0,Hold,1.0,117433.57715936919
714,714,2022-11-01 00:00:00-04:00,0,Hold,0.0,117433.57715936919
715,715,2022-11-02 00:00:00-04:00,0,Hold,0.0,117433.57715936919
716,716,2022-11-03 00:00:00-04:00,0,Hold,0.0,117433.57715936919
717,717,2022-11-04 00:00:00-04:00,0,Hold,0.0,117433.57715936919
718,718,2022-11-07 00:00:00-05:00,0,Hold,0.0,117433.57715936919
719,719,2022-11-08 00:00:00-05:00,0,Hold,0.0,117433.57715936919
720,720,2022-11-09 00:00:00-05:00,0,Hold,0.0,117433.57715936919
721,721,2022-11-10 00:00:00-05:00,0,Hold,0.0,117433.57715936919
722,722,2022-11-11 00:00:00-05:00,0,Hold,0.0,117433.57715936919
723,723,2022-11-14 00:00:00-05:00,0,Hold,0.0,117433.57715936919
724,724,2022-11-15 00:00:00-05:00,0,Hold,0.0,117433.57715936919
725,725,2022-11-16 00:00:00-05:00,0,Hold,0.0,117433.57715936919
726,726,2022-11-17 00:00:00-05:00,0,Hold,0.0,117433.57715936919
727,727,2022-11-18 00:00:00-05:00,0,Hold,0.0,117433.57715936919
728,728,2022-11-21 00:00:00-05:00,0,Hold,0.0,117433.57715936919
729,729,2022-11-22 00:00:00-05:00,0,Hold,0.0,117433.57715936919
730,730,2022-11-23 00:00:00-05:00,0,Hold,0.0,117433.57715936919
731,731,2022-11-25 00:00:00-05:00,0,Hold,0.0,117433.57715936919
732,732,2022-11-28 00:00:00-05:00,0,Hold,0.0,117433.57715936919
733,733,2022-11-29 00:00:00-05:00,0,Hold,0.0,117433.57715936919
734,734,2022-11-30 00:00:00-05:00,0,Hold,0.0,117433.57715936919
735,735,2022-12-01 00:00:00-05:00,0,Hold,0.0,117433.57715936919
736,736,2022-12-02 00:00:00-05:00,0,Hold,0.0,117433.57715936919
737,737,2022-12-05 00:00:00-05:00,0,Hold,0.0,117433.57715936919
738,738,2022-12-06 00:00:00-05:00,0,Hold,0.0,117433.57715936919
739,739,2022-12-07 00:00:00-05:00,0,Hold,0.0,117433.57715936919
740,740,2022-12-08 00:00:00-05:00,0,Hold,0.0,117433.57715936919
741,741,2022-12-09 00:00:00-05:00,0,Hold,0.0,117433.57715936919
742,742,2022-12-12 00:00:00-05:00,0,Hold,0.0,117433.57715936919
743,743,2022-12-13 00:00:00-05:00,0,Hold,0.0,117433.57715936919
744,744,2022-12-14 00:00:00-05:00,0,Hold,0.0,117433.57715936919
745,745,2022-12-15 00:00:00-05:00,1,Buy,1.0,117433.57715936919
746,746,2022-12-16 00:00:00-05:00,1,Buy,0.0,115721.5494316497
747,747,2022-12-19 00:00:00-05:00,1,Buy,0.0,113880.46902164715
748,748,2022-12-20 00:00:00-05:00,0,Hold,-1.0,113820.24707326946
749,749,2022-12-21 00:00:00-05:00,0,Hold,0.0,116530.24793370395
750,750,2022-12-22 00:00:00-05:00,0,Hold,0.0,113760.02512489178
751,751,2022-12-23 00:00:00-05:00,0,Hold,0.0,113441.71099538672
752,752,2022-12-27 00:00:00-05:00,0,Hold,0.0,111867.31836860046
753,753,2022-12-28 00:00:00-05:00,0,Hold,0.0,108434.64753591438
754,754,2022-12-29 00:00:00-05:00,0,Hold,0.0,111505.98667833436
755,755,2022-12-30 00:00:00-05:00,0,Hold,0.0,111781.2832470784
