,returns,cummulative_returns,annualised_returns,std_dev,sharpe_ratio
0,,,0.06627389142430085,0.03590604510319706,1.0102446905540994
1,0.0,1.0,0.06627389142430085,0.03590604510319706,1.0102446905540994
2,0.0,1.0,0.06627389142430085,0.03590604510319706,1.0102446905540994
3,0.0,1.0,0.06627389142430085,0.03590604510319706,1.0102446905540994
4,0.0,1.0,0.06627389142430085,0.03590604510319706,1.0102446905540994
5,0.0,1.0,0.06627389142430085,0.03590604510319706,1.0102446905540994
6,0.0,1.0,0.06627389142430085,0.03590604510319706,1.0102446905540994
7,0.0,1.0,0.06627389142430085,0.03590604510319706,1.0102446905540994
8,0.0,1.0,0.06627389142430085,0.03590604510319706,1.0102446905540994
9,0.0,1.0,0.06627389142430085,0.03590604510319706,1.0102446905540994
10,0.0,1.0,0.06627389142430085,0.03590604510319706,1.0102446905540994
11,0.0,1.0,0.06627389142430085,0.03590604510319706,1.0102446905540994
12,0.0,1.0,0.06627389142430085,0.03590604510319706,1.0102446905540994
13,-1.1102230246251565e-16,0.9999999999999999,0.06627389142430085,0.03590604510319706,1.0102446905540994
14,0.009660846044270865,1.0096608460442706,0.06627389142430085,0.03590604510319706,1.0102446905540994
15,-0.008034073681336129,1.001549156413991,0.06627389142430085,0.03590604510319706,1.0102446905540994
16,0.0,1.001549156413991,0.06627389142430085,0.03590604510319706,1.0102446905540994
17,0.0,1.001549156413991,0.06627389142430085,0.03590604510319706,1.0102446905540994
18,0.0,1.001549156413991,0.06627389142430085,0.03590604510319706,1.0102446905540994
19,0.0,1.001549156413991,0.06627389142430085,0.03590604510319706,1.0102446905540994
20,0.0,1.001549156413991,0.06627389142430085,0.03590604510319706,1.0102446905540994
21,0.0,1.001549156413991,0.06627389142430085,0.03590604510319706,1.0102446905540994
22,0.0,1.001549156413991,0.06627389142430085,0.03590604510319706,1.0102446905540994
23,0.0,1.001549156413991,0.06627389142430085,0.03590604510319706,1.0102446905540994
24,0.0,1.001549156413991,0.06627389142430085,0.03590604510319706,1.0102446905540994
25,0.0,1.001549156413991,0.06627389142430085,0.03590604510319706,1.0102446905540994
26,0.0,1.001549156413991,0.06627389142430085,0.03590604510319706,1.0102446905540994
27,0.0,1.001549156413991,0.06627389142430085,0.03590604510319706,1.0102446905540994
28,0.07813289406189261,1.0798030905498632,0.06627389142430085,0.03590604510319706,1.0102446905540994
29,0.003237663717830852,1.0832991298385382,0.06627389142430085,0.03590604510319706,1.0102446905540994
30,-0.003283472506044327,1.0797421469298916,0.06627389142430085,0.03590604510319706,1.0102446905540994
31,0.0,1.0797421469298916,0.06627389142430085,0.03590604510319706,1.0102446905540994
32,0.012676876267719628,1.0934299045275637,0.06627389142430085,0.03590604510319706,1.0102446905540994
33,0.0,1.0934299045275637,0.06627389142430085,0.03590604510319706,1.0102446905540994
34,-0.027857589950019856,1.0629695826081456,0.06627389142430085,0.03590604510319706,1.0102446905540994
35,0.0,1.0629695826081456,0.06627389142430085,0.03590604510319706,1.0102446905540994
36,-0.049902247218423845,1.009925011711169,0.06627389142430085,0.03590604510319706,1.0102446905540994
37,0.010118769519287918,1.0201442101364386,0.06627389142430085,0.03590604510319706,1.0102446905540994
38,-0.06963364802953043,0.9491078472684346,0.06627389142430085,0.03590604510319706,1.0102446905540994
39,0.05689256515646601,1.003105027309667,0.06627389142430085,0.03590604510319706,1.0102446905540994
40,0.054153780437258714,1.0574269567141052,0.06627389142430085,0.03590604510319706,1.0102446905540994
41,-0.02346437151652092,1.0326150977501813,0.06627389142430085,0.03590604510319706,1.0102446905540994
42,0.07399252129300748,1.1090208923579425,0.06627389142430085,0.03590604510319706,1.0102446905540994
43,-0.027351013963417214,1.078688046445339,0.06627389142430085,0.03590604510319706,1.0102446905540994
44,-0.0524868117990237,1.022071149961706,0.06627389142430085,0.03590604510319706,1.0102446905540994
45,-0.11386023082606989,0.9056978929063993,0.06627389142430085,0.03590604510319706,1.0102446905540994
46,0.07654426296241978,0.9750238705855363,0.06627389142430085,0.03590604510319706,1.0102446905540994
47,-0.06224189232836219,0.9143365398149684,0.06627389142430085,0.03590604510319706,1.0102446905540994
48,-0.1054438498065553,0.8179253750380734,0.06627389142430085,0.03590604510319706,1.0102446905540994
49,0.03472921485779068,0.8463312811254097,0.06627389142430085,0.03590604510319706,1.0102446905540994
50,-0.17551803617941242,0.6977848767050716,0.06627389142430085,0.03590604510319706,1.0102446905540994
51,0.10177165813333944,0.7687996006277146,0.06627389142430085,0.03590604510319706,1.0102446905540994
52,-0.051423590404911845,0.7292651648615752,0.06627389142430085,0.03590604510319706,1.0102446905540994
53,-0.012855110129384673,0.7198903808537558,0.06627389142430085,0.03590604510319706,1.0102446905540994
54,0.04078192459909524,0.7492488960853476,0.06627389142430085,0.03590604510319706,1.0102446905540994
55,0.08475416278327641,0.8127508589893553,0.06627389142430085,0.03590604510319706,1.0102446905540994
56,0.14547532758085246,0.930986056442451,0.06627389142430085,0.03590604510319706,1.0102446905540994
57,0.03860464761423499,0.9669264450851781,0.06627389142430085,0.03590604510319706,1.0102446905540994
58,0.0018137322439550907,0.968680190756162,0.06627389142430085,0.03590604510319706,1.0102446905540994
59,-0.0576429296458183,0.9128426266711067,0.06627389142430085,0.03590604510319706,1.0102446905540994
60,0.02077699057635307,0.9318087493231457,0.06627389142430085,0.03590604510319706,1.0102446905540994
61,0.0,0.9318087493231457,0.06627389142430085,0.03590604510319706,1.0102446905540994
62,0.0,0.9318087493231457,0.06627389142430085,0.03590604510319706,1.0102446905540994
63,0.0,0.9318087493231457,0.06627389142430085,0.03590604510319706,1.0102446905540994
64,0.03277500105474229,0.9623487820650299,0.06627389142430085,0.03590604510319706,1.0102446905540994
65,0.097861038997054,1.0565252337554634,0.06627389142430085,0.03590604510319706,1.0102446905540994
66,-0.03593529402849527,1.018558688831936,0.06627389142430085,0.03590604510319706,1.0102446905540994
67,0.09502298603504777,1.1153451768966895,0.06627389142430085,0.03590604510319706,1.0102446905540994
68,0.007792285957163525,1.1240362654560117,0.06627389142430085,0.03590604510319706,1.0102446905540994
69,0.07112081187105623,1.2039786372277532,0.06627389142430085,0.03590604510319706,1.0102446905540994
70,0.1086378405871693,1.3347762764892592,0.06627389142430085,0.03590604510319706,1.0102446905540994
71,0.00223763382027653,1.3377630170280344,0.06627389142430085,0.03590604510319706,1.0102446905540994
72,0.058853160048255804,1.4164945979758228,0.06627389142430085,0.03590604510319706,1.0102446905540994
73,0.12149762968198607,1.588595334087223,0.06627389142430085,0.03590604510319706,1.0102446905540994
74,0.06692186716565263,1.6949071000149836,0.06627389142430085,0.03590604510319706,1.0102446905540994
75,-0.07128118048616772,1.5740921211115284,0.06627389142430085,0.03590604510319706,1.0102446905540994
76,0.07104270478599095,1.685919882977609,0.06627389142430085,0.03590604510319706,1.0102446905540994
77,-0.009687794636604852,1.669587037377553,0.06627389142430085,0.03590604510319706,1.0102446905540994
78,0.03658399757576869,1.7306672055055081,0.06627389142430085,0.03590604510319706,1.0102446905540994
79,-0.022714882532542835,1.6913553032295263,0.06627389142430085,0.03590604510319706,1.0102446905540994
80,0.008065798397946189,1.7049974341246728,0.06627389142430085,0.03590604510319706,1.0102446905540994
81,0.010005505469197429,1.7220567952767747,0.06627389142430085,0.03590604510319706,1.0102446905540994
82,-0.01203144504061937,1.701337963587577,0.06627389142430085,0.03590604510319706,1.0102446905540994
83,-0.0294959856358058,1.6511553234519467,0.06627389142430085,0.03590604510319706,1.0102446905540994
84,0.07374033053416462,1.7729120627665387,0.06627389142430085,0.03590604510319706,1.0102446905540994
85,0.04131190524354289,1.846154437908684,0.06627389142430085,0.03590604510319706,1.0102446905540994
86,0.06911423475708456,1.9737499891281383,0.06627389142430085,0.03590604510319706,1.0102446905540994
87,-0.01468237013085627,1.9447706612419855,0.06627389142430085,0.03590604510319706,1.0102446905540994
88,-0.019079608502157508,1.9076651983990065,0.06627389142430085,0.03590604510319706,1.0102446905540994
89,0.05835216191098902,2.018981586927944,0.06627389142430085,0.03590604510319706,1.0102446905540994
90,-0.010741794287582818,1.9972941020507466,0.06627389142430085,0.03590604510319706,1.0102446905540994
91,0.016301217405890522,2.029852427431779,0.06627389142430085,0.03590604510319706,1.0102446905540994
92,-0.0001193388627005465,2.029610187151639,0.06627389142430085,0.03590604510319706,1.0102446905540994
93,0.016850231069636568,2.0638095877864324,0.06627389142430085,0.03590604510319706,1.0102446905540994
94,-0.037783508610473304,1.9858316204559263,0.06627389142430085,0.03590604510319706,1.0102446905540994
95,0.0203111095857329,2.0261660641178203,0.06627389142430085,0.03590604510319706,1.0102446905540994
96,0.03318681646018429,2.0934080654055522,0.06627389142430085,0.03590604510319706,1.0102446905540994
97,0.03129816790590412,2.1589279025321892,0.06627389142430085,0.03590604510319706,1.0102446905540994
98,0.028441424107992663,2.2203308866266864,0.06627389142430085,0.03590604510319706,1.0102446905540994
99,-0.06941596210238699,2.066204481945849,0.06627389142430085,0.03590604510319706,1.0102446905540994
100,-0.023297626362061785,2.018066821937857,0.06627389142430085,0.03590604510319706,1.0102446905540994
101,-0.007426656087239691,2.003079333690256,0.06627389142430085,0.03590604510319706,1.0102446905540994
102,0.017960022723282787,2.039054684039871,0.06627389142430085,0.03590604510319706,1.0102446905540994
103,0.00026397826317192674,2.0395929501538768,0.06627389142430085,0.03590604510319706,1.0102446905540994
104,0.0,2.0395929501538768,0.06627389142430085,0.03590604510319706,1.0102446905540994
105,-0.022424548270334577,1.993855999591317,0.06627389142430085,0.03590604510319706,1.0102446905540994
106,0.0,1.993855999591317,0.06627389142430085,0.03590604510319706,1.0102446905540994
107,-0.010092585501337514,1.973732837438087,0.06627389142430085,0.03590604510319706,1.0102446905540994
108,0.003984787966319958,1.9815977442974408,0.06627389142430085,0.03590604510319706,1.0102446905540994
109,0.0,1.9815977442974408,0.06627389142430085,0.03590604510319706,1.0102446905540994
110,0.0,1.9815977442974408,0.06627389142430085,0.03590604510319706,1.0102446905540994
111,0.0,1.9815977442974408,0.06627389142430085,0.03590604510319706,1.0102446905540994
112,0.0,1.9815977442974408,0.06627389142430085,0.03590604510319706,1.0102446905540994
113,0.0,1.9815977442974408,0.06627389142430085,0.03590604510319706,1.0102446905540994
114,0.0003600299162980214,1.9823111787674565,0.06627389142430085,0.03590604510319706,1.0102446905540994
115,0.014396392399124602,2.0108493083541643,0.06627389142430085,0.03590604510319706,1.0102446905540994
116,0.0,2.0108493083541643,0.06627389142430085,0.03590604510319706,1.0102446905540994
117,0.020195419076878274,2.0514592528368274,0.06627389142430085,0.03590604510319706,1.0102446905540994
118,0.02702615635340222,2.106902311356629,0.06627389142430085,0.03590604510319706,1.0102446905540994
119,0.00721698320826647,2.1221077899591476,0.06627389142430085,0.03590604510319706,1.0102446905540994
120,-0.015735133924191236,2.088716139682571,0.06627389142430085,0.03590604510319706,1.0102446905540994
121,0.02153853848013254,2.133704032631198,0.06627389142430085,0.03590604510319706,1.0102446905540994
122,-0.006897194845462917,2.1189874601755907,0.06627389142430085,0.03590604510319706,1.0102446905540994
123,0.013648316100403513,2.1479080708448586,0.06627389142430085,0.03590604510319706,1.0102446905540994
124,0.029032344243666186,2.2102668773613754,0.06627389142430085,0.03590604510319706,1.0102446905540994
125,0.07104934077110903,2.3673048819261187,0.06627389142430085,0.03590604510319706,1.0102446905540994
126,0.013111820938568997,2.398344559644934,0.06627389142430085,0.03590604510319706,1.0102446905540994
127,-0.04194296557865118,2.2977508763340015,0.06627389142430085,0.03590604510319706,1.0102446905540994
128,0.027584949564675165,2.361134218369863,0.06627389142430085,0.03590604510319706,1.0102446905540994
129,0.003264344569119171,2.36884177403256,0.06627389142430085,0.03590604510319706,1.0102446905540994
130,0.0,2.36884177403256,0.06627389142430085,0.03590604510319706,1.0102446905540994
131,-0.007846021237185363,2.3502557911659685,0.06627389142430085,0.03590604510319706,1.0102446905540994
132,2.220446049250313e-16,2.350255791165969,0.06627389142430085,0.03590604510319706,1.0102446905540994
133,0.005842600176411139,2.3639873960660465,0.06627389142430085,0.03590604510319706,1.0102446905540994
134,-0.01535290245601495,2.327693328166996,0.06627389142430085,0.03590604510319706,1.0102446905540994
135,-0.03539523794415311,2.2453040689555075,0.06627389142430085,0.03590604510319706,1.0102446905540994
136,0.0,2.2453040689555075,0.06627389142430085,0.03590604510319706,1.0102446905540994
137,0.0,2.2453040689555075,0.06627389142430085,0.03590604510319706,1.0102446905540994
138,-0.056033898609983646,2.1194909284070707,0.06627389142430085,0.03590604510319706,1.0102446905540994
139,0.004722821397152188,2.1295009055148215,0.06627389142430085,0.03590604510319706,1.0102446905540994
140,0.0,2.1295009055148215,0.06627389142430085,0.03590604510319706,1.0102446905540994
141,0.0015079478300998872,2.1327120817844882,0.06627389142430085,0.03590604510319706,1.0102446905540994
142,0.050096223859676936,2.2395529036618016,0.06627389142430085,0.03590604510319706,1.0102446905540994
143,0.00881819827705499,2.2593017252182457,0.06627389142430085,0.03590604510319706,1.0102446905540994
144,0.06963452953977622,2.416627137942223,0.06627389142430085,0.03590604510319706,1.0102446905540994
145,-0.004508380573969517,2.4057320630989967,0.06627389142430085,0.03590604510319706,1.0102446905540994
146,-0.023683317723058872,2.348756346292073,0.06627389142430085,0.03590604510319706,1.0102446905540994
147,0.05766600284478063,2.4841997364390482,0.06627389142430085,0.03590604510319706,1.0102446905540994
148,-0.0028161239491839574,2.477203922066706,0.06627389142430085,0.03590604510319706,1.0102446905540994
149,0.0,2.477203922066706,0.06627389142430085,0.03590604510319706,1.0102446905540994
150,0.0,2.477203922066706,0.06627389142430085,0.03590604510319706,1.0102446905540994
151,0.0,2.477203922066706,0.06627389142430085,0.03590604510319706,1.0102446905540994
152,0.0,2.477203922066706,0.06627389142430085,0.03590604510319706,1.0102446905540994
153,-0.03338440537065179,2.3945039421466623,0.06627389142430085,0.03590604510319706,1.0102446905540994
154,0.0,2.3945039421466623,0.06627389142430085,0.03590604510319706,1.0102446905540994
155,0.0,2.3945039421466623,0.06627389142430085,0.03590604510319706,1.0102446905540994
156,0.0,2.3945039421466623,0.06627389142430085,0.03590604510319706,1.0102446905540994
157,0.0,2.3945039421466623,0.06627389142430085,0.03590604510319706,1.0102446905540994
158,0.0,2.3945039421466623,0.06627389142430085,0.03590604510319706,1.0102446905540994
159,0.0,2.3945039421466623,0.06627389142430085,0.03590604510319706,1.0102446905540994
160,0.0,2.3945039421466623,0.06627389142430085,0.03590604510319706,1.0102446905540994
161,0.0,2.3945039421466623,0.06627389142430085,0.03590604510319706,1.0102446905540994
162,0.0,2.3945039421466623,0.06627389142430085,0.03590604510319706,1.0102446905540994
163,0.0,2.3945039421466623,0.06627389142430085,0.03590604510319706,1.0102446905540994
164,0.0,2.3945039421466623,0.06627389142430085,0.03590604510319706,1.0102446905540994
165,-0.03289177960096279,2.3157444462279377,0.06627389142430085,0.03590604510319706,1.0102446905540994
166,0.0,2.3157444462279377,0.06627389142430085,0.03590604510319706,1.0102446905540994
167,0.0,2.3157444462279377,0.06627389142430085,0.03590604510319706,1.0102446905540994
168,0.0,2.3157444462279377,0.06627389142430085,0.03590604510319706,1.0102446905540994
169,-1.1102230246251565e-16,2.3157444462279373,0.06627389142430085,0.03590604510319706,1.0102446905540994
170,-0.05480229630867628,2.1888363329105824,0.06627389142430085,0.03590604510319706,1.0102446905540994
171,-0.04202025947152488,2.0968608622609786,0.06627389142430085,0.03590604510319706,1.0102446905540994
172,-0.0571622780385852,1.976999518644189,0.06627389142430085,0.03590604510319706,1.0102446905540994
173,0.0,1.976999518644189,0.06627389142430085,0.03590604510319706,1.0102446905540994
174,0.0,1.976999518644189,0.06627389142430085,0.03590604510319706,1.0102446905540994
175,0.0,1.976999518644189,0.06627389142430085,0.03590604510319706,1.0102446905540994
176,0.0,1.976999518644189,0.06627389142430085,0.03590604510319706,1.0102446905540994
177,0.0,1.976999518644189,0.06627389142430085,0.03590604510319706,1.0102446905540994
178,0.0,1.976999518644189,0.06627389142430085,0.03590604510319706,1.0102446905540994
179,-0.016290487579500912,1.9447932325410366,0.06627389142430085,0.03590604510319706,1.0102446905540994
180,0.03511882049114079,2.013092076967031,0.06627389142430085,0.03590604510319706,1.0102446905540994
181,0.029456128655014346,2.072389976180562,0.06627389142430085,0.03590604510319706,1.0102446905540994
182,-1.1102230246251565e-16,2.0723899761805615,0.06627389142430085,0.03590604510319706,1.0102446905540994
183,-0.037139179819926094,1.9954231121981794,0.06627389142430085,0.03590604510319706,1.0102446905540994
184,0.0,1.9954231121981794,0.06627389142430085,0.03590604510319706,1.0102446905540994
185,0.0,1.9954231121981794,0.06627389142430085,0.03590604510319706,1.0102446905540994
186,0.0,1.9954231121981794,0.06627389142430085,0.03590604510319706,1.0102446905540994
187,0.0,1.9954231121981794,0.06627389142430085,0.03590604510319706,1.0102446905540994
188,-0.0026616225536120197,1.990112049038754,0.06627389142430085,0.03590604510319706,1.0102446905540994
189,0.0,1.990112049038754,0.06627389142430085,0.03590604510319706,1.0102446905540994
190,0.0,1.990112049038754,0.06627389142430085,0.03590604510319706,1.0102446905540994
191,0.0,1.990112049038754,0.06627389142430085,0.03590604510319706,1.0102446905540994
192,0.0,1.990112049038754,0.06627389142430085,0.03590604510319706,1.0102446905540994
193,0.0,1.990112049038754,0.06627389142430085,0.03590604510319706,1.0102446905540994
194,0.0,1.990112049038754,0.06627389142430085,0.03590604510319706,1.0102446905540994
195,0.0,1.990112049038754,0.06627389142430085,0.03590604510319706,1.0102446905540994
196,0.0,1.990112049038754,0.06627389142430085,0.03590604510319706,1.0102446905540994
197,0.0,1.990112049038754,0.06627389142430085,0.03590604510319706,1.0102446905540994
198,0.0,1.990112049038754,0.06627389142430085,0.03590604510319706,1.0102446905540994
199,0.0,1.990112049038754,0.06627389142430085,0.03590604510319706,1.0102446905540994
200,0.0,1.990112049038754,0.06627389142430085,0.03590604510319706,1.0102446905540994
201,0.0,1.990112049038754,0.06627389142430085,0.03590604510319706,1.0102446905540994
202,0.0,1.990112049038754,0.06627389142430085,0.03590604510319706,1.0102446905540994
203,0.0,1.990112049038754,0.06627389142430085,0.03590604510319706,1.0102446905540994
204,0.0,1.990112049038754,0.06627389142430085,0.03590604510319706,1.0102446905540994
205,0.0,1.990112049038754,0.06627389142430085,0.03590604510319706,1.0102446905540994
206,0.0,1.990112049038754,0.06627389142430085,0.03590604510319706,1.0102446905540994
207,0.0,1.990112049038754,0.06627389142430085,0.03590604510319706,1.0102446905540994
208,0.0,1.990112049038754,0.06627389142430085,0.03590604510319706,1.0102446905540994
209,0.0,1.990112049038754,0.06627389142430085,0.03590604510319706,1.0102446905540994
210,-0.052784010662723535,1.8850659534222778,0.06627389142430085,0.03590604510319706,1.0102446905540994
211,-0.011281228472432625,1.863800093716117,0.06627389142430085,0.03590604510319706,1.0102446905540994
212,0.0,1.863800093716117,0.06627389142430085,0.03590604510319706,1.0102446905540994
213,0.0,1.863800093716117,0.06627389142430085,0.03590604510319706,1.0102446905540994
214,0.0,1.863800093716117,0.06627389142430085,0.03590604510319706,1.0102446905540994
215,0.0,1.863800093716117,0.06627389142430085,0.03590604510319706,1.0102446905540994
216,2.220446049250313e-16,1.8638000937161174,0.06627389142430085,0.03590604510319706,1.0102446905540994
217,-0.01865727561985897,1.829026661667337,0.06627389142430085,0.03590604510319706,1.0102446905540994
218,0.06934165202893117,1.955854391992311,0.06627389142430085,0.03590604510319706,1.0102446905540994
219,0.0,1.955854391992311,0.06627389142430085,0.03590604510319706,1.0102446905540994
220,0.0,1.955854391992311,0.06627389142430085,0.03590604510319706,1.0102446905540994
221,0.0,1.955854391992311,0.06627389142430085,0.03590604510319706,1.0102446905540994
222,0.0,1.955854391992311,0.06627389142430085,0.03590604510319706,1.0102446905540994
223,0.0,1.955854391992311,0.06627389142430085,0.03590604510319706,1.0102446905540994
224,0.0,1.955854391992311,0.06627389142430085,0.03590604510319706,1.0102446905540994
225,0.0,1.955854391992311,0.06627389142430085,0.03590604510319706,1.0102446905540994
226,0.0,1.955854391992311,0.06627389142430085,0.03590604510319706,1.0102446905540994
227,0.0,1.955854391992311,0.06627389142430085,0.03590604510319706,1.0102446905540994
228,0.0,1.955854391992311,0.06627389142430085,0.03590604510319706,1.0102446905540994
229,0.0,1.955854391992311,0.06627389142430085,0.03590604510319706,1.0102446905540994
230,0.0,1.955854391992311,0.06627389142430085,0.03590604510319706,1.0102446905540994
231,-0.019552850793274845,1.917611862892314,0.06627389142430085,0.03590604510319706,1.0102446905540994
232,0.0,1.917611862892314,0.06627389142430085,0.03590604510319706,1.0102446905540994
233,0.0,1.917611862892314,0.06627389142430085,0.03590604510319706,1.0102446905540994
234,0.0,1.917611862892314,0.06627389142430085,0.03590604510319706,1.0102446905540994
235,0.0,1.917611862892314,0.06627389142430085,0.03590604510319706,1.0102446905540994
236,0.0,1.917611862892314,0.06627389142430085,0.03590604510319706,1.0102446905540994
237,0.0,1.917611862892314,0.06627389142430085,0.03590604510319706,1.0102446905540994
238,0.0,1.917611862892314,0.06627389142430085,0.03590604510319706,1.0102446905540994
239,0.0,1.917611862892314,0.06627389142430085,0.03590604510319706,1.0102446905540994
240,0.0,1.917611862892314,0.06627389142430085,0.03590604510319706,1.0102446905540994
241,0.0,1.917611862892314,0.06627389142430085,0.03590604510319706,1.0102446905540994
242,0.0,1.917611862892314,0.06627389142430085,0.03590604510319706,1.0102446905540994
243,0.019605785289483757,1.9552081493447477,0.06627389142430085,0.03590604510319706,1.0102446905540994
244,0.0,1.9552081493447477,0.06627389142430085,0.03590604510319706,1.0102446905540994
245,0.0,1.9552081493447477,0.06627389142430085,0.03590604510319706,1.0102446905540994
246,0.0,1.9552081493447477,0.06627389142430085,0.03590604510319706,1.0102446905540994
247,-0.061953852163783685,1.8340754727108182,0.06627389142430085,0.03590604510319706,1.0102446905540994
248,0.0,1.8340754727108182,0.06627389142430085,0.03590604510319706,1.0102446905540994
249,0.0,1.8340754727108182,0.06627389142430085,0.03590604510319706,1.0102446905540994
250,0.0,1.8340754727108182,0.06627389142430085,0.03590604510319706,1.0102446905540994
251,0.0,1.8340754727108182,0.06627389142430085,0.03590604510319706,1.0102446905540994
252,0.0,1.8340754727108182,0.06627389142430085,0.03590604510319706,1.0102446905540994
253,0.0,1.8340754727108182,0.06627389142430085,0.03590604510319706,1.0102446905540994
254,0.0,1.8340754727108182,0.06627389142430085,0.03590604510319706,1.0102446905540994
255,0.0,1.8340754727108182,0.06627389142430085,0.03590604510319706,1.0102446905540994
256,0.0,1.8340754727108182,0.06627389142430085,0.03590604510319706,1.0102446905540994
257,0.0,1.8340754727108182,0.06627389142430085,0.03590604510319706,1.0102446905540994
258,0.0,1.8340754727108182,0.06627389142430085,0.03590604510319706,1.0102446905540994
259,0.0,1.8340754727108182,0.06627389142430085,0.03590604510319706,1.0102446905540994
260,0.0,1.8340754727108182,0.06627389142430085,0.03590604510319706,1.0102446905540994
261,0.0,1.8340754727108182,0.06627389142430085,0.03590604510319706,1.0102446905540994
262,0.0,1.8340754727108182,0.06627389142430085,0.03590604510319706,1.0102446905540994
263,0.0,1.8340754727108182,0.06627389142430085,0.03590604510319706,1.0102446905540994
264,0.0,1.8340754727108182,0.06627389142430085,0.03590604510319706,1.0102446905540994
265,0.0,1.8340754727108182,0.06627389142430085,0.03590604510319706,1.0102446905540994
266,0.0,1.8340754727108182,0.06627389142430085,0.03590604510319706,1.0102446905540994
267,0.0,1.8340754727108182,0.06627389142430085,0.03590604510319706,1.0102446905540994
268,0.0,1.8340754727108182,0.06627389142430085,0.03590604510319706,1.0102446905540994
269,0.0,1.8340754727108182,0.06627389142430085,0.03590604510319706,1.0102446905540994
270,0.0,1.8340754727108182,0.06627389142430085,0.03590604510319706,1.0102446905540994
271,0.0,1.8340754727108182,0.06627389142430085,0.03590604510319706,1.0102446905540994
272,0.0,1.8340754727108182,0.06627389142430085,0.03590604510319706,1.0102446905540994
273,0.0,1.8340754727108182,0.06627389142430085,0.03590604510319706,1.0102446905540994
274,0.0,1.8340754727108182,0.06627389142430085,0.03590604510319706,1.0102446905540994
275,0.0,1.8340754727108182,0.06627389142430085,0.03590604510319706,1.0102446905540994
276,0.0,1.8340754727108182,0.06627389142430085,0.03590604510319706,1.0102446905540994
277,0.0,1.8340754727108182,0.06627389142430085,0.03590604510319706,1.0102446905540994
278,0.0,1.8340754727108182,0.06627389142430085,0.03590604510319706,1.0102446905540994
279,0.0,1.8340754727108182,0.06627389142430085,0.03590604510319706,1.0102446905540994
280,0.0,1.8340754727108182,0.06627389142430085,0.03590604510319706,1.0102446905540994
281,0.0,1.8340754727108182,0.06627389142430085,0.03590604510319706,1.0102446905540994
282,0.0,1.8340754727108182,0.06627389142430085,0.03590604510319706,1.0102446905540994
283,0.0,1.8340754727108182,0.06627389142430085,0.03590604510319706,1.0102446905540994
284,-0.028371924684758798,1.7820392215329035,0.06627389142430085,0.03590604510319706,1.0102446905540994
285,0.0,1.7820392215329035,0.06627389142430085,0.03590604510319706,1.0102446905540994
286,0.0,1.7820392215329035,0.06627389142430085,0.03590604510319706,1.0102446905540994
287,0.0,1.7820392215329035,0.06627389142430085,0.03590604510319706,1.0102446905540994
288,0.000699897069128097,1.7832864655611258,0.06627389142430085,0.03590604510319706,1.0102446905540994
289,0.0,1.7832864655611258,0.06627389142430085,0.03590604510319706,1.0102446905540994
290,0.0,1.7832864655611258,0.06627389142430085,0.03590604510319706,1.0102446905540994
291,0.0,1.7832864655611258,0.06627389142430085,0.03590604510319706,1.0102446905540994
292,0.0,1.7832864655611258,0.06627389142430085,0.03590604510319706,1.0102446905540994
293,0.0,1.7832864655611258,0.06627389142430085,0.03590604510319706,1.0102446905540994
294,0.0,1.7832864655611258,0.06627389142430085,0.03590604510319706,1.0102446905540994
295,-0.016033914910055458,1.7546934021120653,0.06627389142430085,0.03590604510319706,1.0102446905540994
296,-0.05179442990307703,1.6638100576949801,0.06627389142430085,0.03590604510319706,1.0102446905540994
297,0.05437186098385127,1.7542745068555052,0.06627389142430085,0.03590604510319706,1.0102446905540994
298,0.0,1.7542745068555052,0.06627389142430085,0.03590604510319706,1.0102446905540994
299,0.0,1.7542745068555052,0.06627389142430085,0.03590604510319706,1.0102446905540994
300,0.0,1.7542745068555052,0.06627389142430085,0.03590604510319706,1.0102446905540994
301,0.0,1.7542745068555052,0.06627389142430085,0.03590604510319706,1.0102446905540994
302,0.0,1.7542745068555052,0.06627389142430085,0.03590604510319706,1.0102446905540994
303,0.0,1.7542745068555052,0.06627389142430085,0.03590604510319706,1.0102446905540994
304,0.0,1.7542745068555052,0.06627389142430085,0.03590604510319706,1.0102446905540994
305,0.0,1.7542745068555052,0.06627389142430085,0.03590604510319706,1.0102446905540994
306,0.0,1.7542745068555052,0.06627389142430085,0.03590604510319706,1.0102446905540994
307,0.0,1.7542745068555052,0.06627389142430085,0.03590604510319706,1.0102446905540994
308,0.0,1.7542745068555052,0.06627389142430085,0.03590604510319706,1.0102446905540994
309,0.0,1.7542745068555052,0.06627389142430085,0.03590604510319706,1.0102446905540994
310,0.0,1.7542745068555052,0.06627389142430085,0.03590604510319706,1.0102446905540994
311,-0.023751244545789807,1.7126083040427353,0.06627389142430085,0.03590604510319706,1.0102446905540994
312,0.0,1.7126083040427353,0.06627389142430085,0.03590604510319706,1.0102446905540994
313,0.0,1.7126083040427353,0.06627389142430085,0.03590604510319706,1.0102446905540994
314,0.0,1.7126083040427353,0.06627389142430085,0.03590604510319706,1.0102446905540994
315,0.0,1.7126083040427353,0.06627389142430085,0.03590604510319706,1.0102446905540994
316,0.0,1.7126083040427353,0.06627389142430085,0.03590604510319706,1.0102446905540994
317,0.0,1.7126083040427353,0.06627389142430085,0.03590604510319706,1.0102446905540994
318,0.0,1.7126083040427353,0.06627389142430085,0.03590604510319706,1.0102446905540994
319,0.0,1.7126083040427353,0.06627389142430085,0.03590604510319706,1.0102446905540994
320,0.0,1.7126083040427353,0.06627389142430085,0.03590604510319706,1.0102446905540994
321,0.0,1.7126083040427353,0.06627389142430085,0.03590604510319706,1.0102446905540994
322,0.0,1.7126083040427353,0.06627389142430085,0.03590604510319706,1.0102446905540994
323,0.0,1.7126083040427353,0.06627389142430085,0.03590604510319706,1.0102446905540994
324,0.0,1.7126083040427353,0.06627389142430085,0.03590604510319706,1.0102446905540994
325,0.0,1.7126083040427353,0.06627389142430085,0.03590604510319706,1.0102446905540994
326,0.0,1.7126083040427353,0.06627389142430085,0.03590604510319706,1.0102446905540994
327,0.0,1.7126083040427353,0.06627389142430085,0.03590604510319706,1.0102446905540994
328,0.0,1.7126083040427353,0.06627389142430085,0.03590604510319706,1.0102446905540994
329,0.0,1.7126083040427353,0.06627389142430085,0.03590604510319706,1.0102446905540994
330,0.0,1.7126083040427353,0.06627389142430085,0.03590604510319706,1.0102446905540994
331,0.0,1.7126083040427353,0.06627389142430085,0.03590604510319706,1.0102446905540994
332,0.0,1.7126083040427353,0.06627389142430085,0.03590604510319706,1.0102446905540994
333,-0.04324181769962643,1.638552007968453,0.06627389142430085,0.03590604510319706,1.0102446905540994
334,0.0,1.638552007968453,0.06627389142430085,0.03590604510319706,1.0102446905540994
335,0.0,1.638552007968453,0.06627389142430085,0.03590604510319706,1.0102446905540994
336,0.0,1.638552007968453,0.06627389142430085,0.03590604510319706,1.0102446905540994
337,0.0,1.638552007968453,0.06627389142430085,0.03590604510319706,1.0102446905540994
338,0.0,1.638552007968453,0.06627389142430085,0.03590604510319706,1.0102446905540994
339,0.0,1.638552007968453,0.06627389142430085,0.03590604510319706,1.0102446905540994
340,0.0,1.638552007968453,0.06627389142430085,0.03590604510319706,1.0102446905540994
341,0.0,1.638552007968453,0.06627389142430085,0.03590604510319706,1.0102446905540994
342,0.0,1.638552007968453,0.06627389142430085,0.03590604510319706,1.0102446905540994
343,0.0,1.638552007968453,0.06627389142430085,0.03590604510319706,1.0102446905540994
344,0.0,1.638552007968453,0.06627389142430085,0.03590604510319706,1.0102446905540994
345,0.0,1.638552007968453,0.06627389142430085,0.03590604510319706,1.0102446905540994
346,0.0,1.638552007968453,0.06627389142430085,0.03590604510319706,1.0102446905540994
347,0.0,1.638552007968453,0.06627389142430085,0.03590604510319706,1.0102446905540994
348,0.0,1.638552007968453,0.06627389142430085,0.03590604510319706,1.0102446905540994
349,0.0,1.638552007968453,0.06627389142430085,0.03590604510319706,1.0102446905540994
350,0.0,1.638552007968453,0.06627389142430085,0.03590604510319706,1.0102446905540994
351,0.0,1.638552007968453,0.06627389142430085,0.03590604510319706,1.0102446905540994
352,0.0,1.638552007968453,0.06627389142430085,0.03590604510319706,1.0102446905540994
353,0.0,1.638552007968453,0.06627389142430085,0.03590604510319706,1.0102446905540994
354,0.0,1.638552007968453,0.06627389142430085,0.03590604510319706,1.0102446905540994
355,0.0,1.638552007968453,0.06627389142430085,0.03590604510319706,1.0102446905540994
356,0.0,1.638552007968453,0.06627389142430085,0.03590604510319706,1.0102446905540994
357,0.0,1.638552007968453,0.06627389142430085,0.03590604510319706,1.0102446905540994
358,0.0,1.638552007968453,0.06627389142430085,0.03590604510319706,1.0102446905540994
359,0.0,1.638552007968453,0.06627389142430085,0.03590604510319706,1.0102446905540994
360,0.0,1.638552007968453,0.06627389142430085,0.03590604510319706,1.0102446905540994
361,0.0,1.638552007968453,0.06627389142430085,0.03590604510319706,1.0102446905540994
362,0.0,1.638552007968453,0.06627389142430085,0.03590604510319706,1.0102446905540994
363,0.0,1.638552007968453,0.06627389142430085,0.03590604510319706,1.0102446905540994
364,0.0,1.638552007968453,0.06627389142430085,0.03590604510319706,1.0102446905540994
365,0.0,1.638552007968453,0.06627389142430085,0.03590604510319706,1.0102446905540994
366,0.0,1.638552007968453,0.06627389142430085,0.03590604510319706,1.0102446905540994
367,0.060726024839337533,1.7380547579048917,0.06627389142430085,0.03590604510319706,1.0102446905540994
368,0.012144006866333878,1.759161706818953,0.06627389142430085,0.03590604510319706,1.0102446905540994
369,0.00910781846651898,1.7751838322979117,0.06627389142430085,0.03590604510319706,1.0102446905540994
370,0.019057843989718437,1.8090150088269157,0.06627389142430085,0.03590604510319706,1.0102446905540994
371,0.0,1.8090150088269157,0.06627389142430085,0.03590604510319706,1.0102446905540994
372,0.0,1.8090150088269157,0.06627389142430085,0.03590604510319706,1.0102446905540994
373,0.0,1.8090150088269157,0.06627389142430085,0.03590604510319706,1.0102446905540994
374,0.0,1.8090150088269157,0.06627389142430085,0.03590604510319706,1.0102446905540994
375,0.0,1.8090150088269157,0.06627389142430085,0.03590604510319706,1.0102446905540994
376,0.0,1.8090150088269157,0.06627389142430085,0.03590604510319706,1.0102446905540994
377,0.0,1.8090150088269157,0.06627389142430085,0.03590604510319706,1.0102446905540994
378,0.0,1.8090150088269157,0.06627389142430085,0.03590604510319706,1.0102446905540994
379,0.0,1.8090150088269157,0.06627389142430085,0.03590604510319706,1.0102446905540994
380,0.0,1.8090150088269157,0.06627389142430085,0.03590604510319706,1.0102446905540994
381,0.0,1.8090150088269157,0.06627389142430085,0.03590604510319706,1.0102446905540994
382,0.0,1.8090150088269157,0.06627389142430085,0.03590604510319706,1.0102446905540994
383,0.0,1.8090150088269157,0.06627389142430085,0.03590604510319706,1.0102446905540994
384,0.0,1.8090150088269157,0.06627389142430085,0.03590604510319706,1.0102446905540994
385,0.0,1.8090150088269157,0.06627389142430085,0.03590604510319706,1.0102446905540994
386,0.0,1.8090150088269157,0.06627389142430085,0.03590604510319706,1.0102446905540994
387,0.0,1.8090150088269157,0.06627389142430085,0.03590604510319706,1.0102446905540994
388,0.0,1.8090150088269157,0.06627389142430085,0.03590604510319706,1.0102446905540994
389,0.0,1.8090150088269157,0.06627389142430085,0.03590604510319706,1.0102446905540994
390,0.0,1.8090150088269157,0.06627389142430085,0.03590604510319706,1.0102446905540994
391,0.0,1.8090150088269157,0.06627389142430085,0.03590604510319706,1.0102446905540994
392,0.0,1.8090150088269157,0.06627389142430085,0.03590604510319706,1.0102446905540994
393,0.0,1.8090150088269157,0.06627389142430085,0.03590604510319706,1.0102446905540994
394,0.0,1.8090150088269157,0.06627389142430085,0.03590604510319706,1.0102446905540994
395,0.0,1.8090150088269157,0.06627389142430085,0.03590604510319706,1.0102446905540994
396,0.0,1.8090150088269157,0.06627389142430085,0.03590604510319706,1.0102446905540994
397,0.0,1.8090150088269157,0.06627389142430085,0.03590604510319706,1.0102446905540994
398,0.0,1.8090150088269157,0.06627389142430085,0.03590604510319706,1.0102446905540994
399,0.0,1.8090150088269157,0.06627389142430085,0.03590604510319706,1.0102446905540994
400,0.0,1.8090150088269157,0.06627389142430085,0.03590604510319706,1.0102446905540994
401,0.0,1.8090150088269157,0.06627389142430085,0.03590604510319706,1.0102446905540994
402,0.0,1.8090150088269157,0.06627389142430085,0.03590604510319706,1.0102446905540994
403,0.0,1.8090150088269157,0.06627389142430085,0.03590604510319706,1.0102446905540994
404,0.0,1.8090150088269157,0.06627389142430085,0.03590604510319706,1.0102446905540994
405,0.0,1.8090150088269157,0.06627389142430085,0.03590604510319706,1.0102446905540994
406,0.0,1.8090150088269157,0.06627389142430085,0.03590604510319706,1.0102446905540994
407,0.0,1.8090150088269157,0.06627389142430085,0.03590604510319706,1.0102446905540994
408,0.0,1.8090150088269157,0.06627389142430085,0.03590604510319706,1.0102446905540994
409,0.0,1.8090150088269157,0.06627389142430085,0.03590604510319706,1.0102446905540994
410,0.0,1.8090150088269157,0.06627389142430085,0.03590604510319706,1.0102446905540994
411,0.0,1.8090150088269157,0.06627389142430085,0.03590604510319706,1.0102446905540994
412,0.0,1.8090150088269157,0.06627389142430085,0.03590604510319706,1.0102446905540994
413,0.0,1.8090150088269157,0.06627389142430085,0.03590604510319706,1.0102446905540994
414,0.0,1.8090150088269157,0.06627389142430085,0.03590604510319706,1.0102446905540994
415,0.0,1.8090150088269157,0.06627389142430085,0.03590604510319706,1.0102446905540994
416,0.0,1.8090150088269157,0.06627389142430085,0.03590604510319706,1.0102446905540994
417,0.0,1.8090150088269157,0.06627389142430085,0.03590604510319706,1.0102446905540994
418,0.0,1.8090150088269157,0.06627389142430085,0.03590604510319706,1.0102446905540994
419,0.0,1.8090150088269157,0.06627389142430085,0.03590604510319706,1.0102446905540994
420,0.0,1.8090150088269157,0.06627389142430085,0.03590604510319706,1.0102446905540994
421,0.0,1.8090150088269157,0.06627389142430085,0.03590604510319706,1.0102446905540994
422,0.0,1.8090150088269157,0.06627389142430085,0.03590604510319706,1.0102446905540994
423,0.0,1.8090150088269157,0.06627389142430085,0.03590604510319706,1.0102446905540994
424,0.0,1.8090150088269157,0.06627389142430085,0.03590604510319706,1.0102446905540994
425,0.0,1.8090150088269157,0.06627389142430085,0.03590604510319706,1.0102446905540994
426,0.0,1.8090150088269157,0.06627389142430085,0.03590604510319706,1.0102446905540994
427,0.0,1.8090150088269157,0.06627389142430085,0.03590604510319706,1.0102446905540994
428,0.0,1.8090150088269157,0.06627389142430085,0.03590604510319706,1.0102446905540994
429,0.0,1.8090150088269157,0.06627389142430085,0.03590604510319706,1.0102446905540994
430,0.0,1.8090150088269157,0.06627389142430085,0.03590604510319706,1.0102446905540994
431,0.0,1.8090150088269157,0.06627389142430085,0.03590604510319706,1.0102446905540994
432,0.0,1.8090150088269157,0.06627389142430085,0.03590604510319706,1.0102446905540994
433,0.0,1.8090150088269157,0.06627389142430085,0.03590604510319706,1.0102446905540994
434,0.0,1.8090150088269157,0.06627389142430085,0.03590604510319706,1.0102446905540994
435,0.0,1.8090150088269157,0.06627389142430085,0.03590604510319706,1.0102446905540994
436,0.0,1.8090150088269157,0.06627389142430085,0.03590604510319706,1.0102446905540994
437,0.0,1.8090150088269157,0.06627389142430085,0.03590604510319706,1.0102446905540994
438,0.0,1.8090150088269157,0.06627389142430085,0.03590604510319706,1.0102446905540994
439,0.0,1.8090150088269157,0.06627389142430085,0.03590604510319706,1.0102446905540994
440,0.0,1.8090150088269157,0.06627389142430085,0.03590604510319706,1.0102446905540994
441,0.0,1.8090150088269157,0.06627389142430085,0.03590604510319706,1.0102446905540994
442,0.0,1.8090150088269157,0.06627389142430085,0.03590604510319706,1.0102446905540994
443,0.0,1.8090150088269157,0.06627389142430085,0.03590604510319706,1.0102446905540994
444,0.0,1.8090150088269157,0.06627389142430085,0.03590604510319706,1.0102446905540994
445,0.0,1.8090150088269157,0.06627389142430085,0.03590604510319706,1.0102446905540994
446,0.0,1.8090150088269157,0.06627389142430085,0.03590604510319706,1.0102446905540994
447,0.0,1.8090150088269157,0.06627389142430085,0.03590604510319706,1.0102446905540994
448,0.0,1.8090150088269157,0.06627389142430085,0.03590604510319706,1.0102446905540994
449,0.0,1.8090150088269157,0.06627389142430085,0.03590604510319706,1.0102446905540994
450,0.0,1.8090150088269157,0.06627389142430085,0.03590604510319706,1.0102446905540994
451,0.0,1.8090150088269157,0.06627389142430085,0.03590604510319706,1.0102446905540994
452,0.0,1.8090150088269157,0.06627389142430085,0.03590604510319706,1.0102446905540994
453,0.0,1.8090150088269157,0.06627389142430085,0.03590604510319706,1.0102446905540994
454,0.0,1.8090150088269157,0.06627389142430085,0.03590604510319706,1.0102446905540994
455,0.0,1.8090150088269157,0.06627389142430085,0.03590604510319706,1.0102446905540994
456,0.0,1.8090150088269157,0.06627389142430085,0.03590604510319706,1.0102446905540994
457,0.0,1.8090150088269157,0.06627389142430085,0.03590604510319706,1.0102446905540994
458,0.0,1.8090150088269157,0.06627389142430085,0.03590604510319706,1.0102446905540994
459,0.0,1.8090150088269157,0.06627389142430085,0.03590604510319706,1.0102446905540994
460,-1.1102230246251565e-16,1.8090150088269155,0.06627389142430085,0.03590604510319706,1.0102446905540994
461,0.006678155267869412,1.8210958919377678,0.06627389142430085,0.03590604510319706,1.0102446905540994
462,0.0,1.8210958919377678,0.06627389142430085,0.03590604510319706,1.0102446905540994
463,0.0,1.8210958919377678,0.06627389142430085,0.03590604510319706,1.0102446905540994
464,0.0,1.8210958919377678,0.06627389142430085,0.03590604510319706,1.0102446905540994
465,0.0,1.8210958919377678,0.06627389142430085,0.03590604510319706,1.0102446905540994
466,0.0,1.8210958919377678,0.06627389142430085,0.03590604510319706,1.0102446905540994
467,0.0,1.8210958919377678,0.06627389142430085,0.03590604510319706,1.0102446905540994
468,0.0,1.8210958919377678,0.06627389142430085,0.03590604510319706,1.0102446905540994
469,0.0,1.8210958919377678,0.06627389142430085,0.03590604510319706,1.0102446905540994
470,0.0,1.8210958919377678,0.06627389142430085,0.03590604510319706,1.0102446905540994
471,0.0,1.8210958919377678,0.06627389142430085,0.03590604510319706,1.0102446905540994
472,-0.007798660605997321,1.8068937831455691,0.06627389142430085,0.03590604510319706,1.0102446905540994
473,0.0,1.8068937831455691,0.06627389142430085,0.03590604510319706,1.0102446905540994
474,0.0,1.8068937831455691,0.06627389142430085,0.03590604510319706,1.0102446905540994
475,0.0,1.8068937831455691,0.06627389142430085,0.03590604510319706,1.0102446905540994
476,0.0,1.8068937831455691,0.06627389142430085,0.03590604510319706,1.0102446905540994
477,0.0,1.8068937831455691,0.06627389142430085,0.03590604510319706,1.0102446905540994
478,0.0,1.8068937831455691,0.06627389142430085,0.03590604510319706,1.0102446905540994
479,0.0,1.8068937831455691,0.06627389142430085,0.03590604510319706,1.0102446905540994
480,0.0,1.8068937831455691,0.06627389142430085,0.03590604510319706,1.0102446905540994
481,0.0,1.8068937831455691,0.06627389142430085,0.03590604510319706,1.0102446905540994
482,0.0,1.8068937831455691,0.06627389142430085,0.03590604510319706,1.0102446905540994
483,0.0,1.8068937831455691,0.06627389142430085,0.03590604510319706,1.0102446905540994
484,0.0,1.8068937831455691,0.06627389142430085,0.03590604510319706,1.0102446905540994
485,0.0,1.8068937831455691,0.06627389142430085,0.03590604510319706,1.0102446905540994
486,0.0,1.8068937831455691,0.06627389142430085,0.03590604510319706,1.0102446905540994
487,0.0,1.8068937831455691,0.06627389142430085,0.03590604510319706,1.0102446905540994
488,0.0,1.8068937831455691,0.06627389142430085,0.03590604510319706,1.0102446905540994
489,0.0,1.8068937831455691,0.06627389142430085,0.03590604510319706,1.0102446905540994
490,0.0,1.8068937831455691,0.06627389142430085,0.03590604510319706,1.0102446905540994
491,0.0,1.8068937831455691,0.06627389142430085,0.03590604510319706,1.0102446905540994
492,0.0,1.8068937831455691,0.06627389142430085,0.03590604510319706,1.0102446905540994
493,0.0,1.8068937831455691,0.06627389142430085,0.03590604510319706,1.0102446905540994
494,0.0,1.8068937831455691,0.06627389142430085,0.03590604510319706,1.0102446905540994
495,0.0,1.8068937831455691,0.06627389142430085,0.03590604510319706,1.0102446905540994
496,0.0,1.8068937831455691,0.06627389142430085,0.03590604510319706,1.0102446905540994
497,0.0,1.8068937831455691,0.06627389142430085,0.03590604510319706,1.0102446905540994
498,0.0,1.8068937831455691,0.06627389142430085,0.03590604510319706,1.0102446905540994
499,0.0,1.8068937831455691,0.06627389142430085,0.03590604510319706,1.0102446905540994
500,0.0,1.8068937831455691,0.06627389142430085,0.03590604510319706,1.0102446905540994
501,0.0,1.8068937831455691,0.06627389142430085,0.03590604510319706,1.0102446905540994
502,0.0,1.8068937831455691,0.06627389142430085,0.03590604510319706,1.0102446905540994
503,0.0,1.8068937831455691,0.06627389142430085,0.03590604510319706,1.0102446905540994
504,0.0,1.8068937831455691,0.06627389142430085,0.03590604510319706,1.0102446905540994
505,0.0,1.8068937831455691,0.06627389142430085,0.03590604510319706,1.0102446905540994
506,0.0,1.8068937831455691,0.06627389142430085,0.03590604510319706,1.0102446905540994
507,-0.02606679682248636,1.7597938500205,0.06627389142430085,0.03590604510319706,1.0102446905540994
508,0.0,1.7597938500205,0.06627389142430085,0.03590604510319706,1.0102446905540994
509,0.0,1.7597938500205,0.06627389142430085,0.03590604510319706,1.0102446905540994
510,0.0,1.7597938500205,0.06627389142430085,0.03590604510319706,1.0102446905540994
511,0.0,1.7597938500205,0.06627389142430085,0.03590604510319706,1.0102446905540994
512,0.0,1.7597938500205,0.06627389142430085,0.03590604510319706,1.0102446905540994
513,0.0,1.7597938500205,0.06627389142430085,0.03590604510319706,1.0102446905540994
514,0.0,1.7597938500205,0.06627389142430085,0.03590604510319706,1.0102446905540994
515,0.0,1.7597938500205,0.06627389142430085,0.03590604510319706,1.0102446905540994
516,0.0,1.7597938500205,0.06627389142430085,0.03590604510319706,1.0102446905540994
517,0.0,1.7597938500205,0.06627389142430085,0.03590604510319706,1.0102446905540994
518,0.0,1.7597938500205,0.06627389142430085,0.03590604510319706,1.0102446905540994
519,0.06390288357942575,1.8722497515421495,0.06627389142430085,0.03590604510319706,1.0102446905540994
520,-0.04912146808513418,1.7802820951243714,0.06627389142430085,0.03590604510319706,1.0102446905540994
521,-0.026300162079431755,1.7334603874754901,0.06627389142430085,0.03590604510319706,1.0102446905540994
522,-0.06117941808963445,1.6274082896883073,0.06627389142430085,0.03590604510319706,1.0102446905540994
523,0.0,1.6274082896883073,0.06627389142430085,0.03590604510319706,1.0102446905540994
524,0.10548827801600247,1.7990807877964945,0.06627389142430085,0.03590604510319706,1.0102446905540994
525,0.020700183495065527,1.836322090226329,0.06627389142430085,0.03590604510319706,1.0102446905540994
526,0.0,1.836322090226329,0.06627389142430085,0.03590604510319706,1.0102446905540994
527,-0.08628705257571745,1.6778712694810185,0.06627389142430085,0.03590604510319706,1.0102446905540994
528,0.08222966754675887,1.815842066156701,0.06627389142430085,0.03590604510319706,1.0102446905540994
529,-0.010399492000762511,1.7969582311150563,0.06627389142430085,0.03590604510319706,1.0102446905540994
530,0.0,1.7969582311150563,0.06627389142430085,0.03590604510319706,1.0102446905540994
531,0.0,1.7969582311150563,0.06627389142430085,0.03590604510319706,1.0102446905540994
532,0.0,1.7969582311150563,0.06627389142430085,0.03590604510319706,1.0102446905540994
533,0.0,1.7969582311150563,0.06627389142430085,0.03590604510319706,1.0102446905540994
534,0.0,1.7969582311150563,0.06627389142430085,0.03590604510319706,1.0102446905540994
535,0.0,1.7969582311150563,0.06627389142430085,0.03590604510319706,1.0102446905540994
536,0.0,1.7969582311150563,0.06627389142430085,0.03590604510319706,1.0102446905540994
537,-0.11628838243959205,1.5879928651071757,0.06627389142430085,0.03590604510319706,1.0102446905540994
538,-0.004727219090317369,1.5804860749199534,0.06627389142430085,0.03590604510319706,1.0102446905540994
539,-0.046766566881823124,1.5065721671914194,0.06627389142430085,0.03590604510319706,1.0102446905540994
540,0.0007186369000553583,1.5076548455433596,0.06627389142430085,0.03590604510319706,1.0102446905540994
541,0.059638425308828236,1.5975690064407901,0.06627389142430085,0.03590604510319706,1.0102446905540994
542,0.019533675999972022,1.6287754018002019,0.06627389142430085,0.03590604510319706,1.0102446905540994
543,0.0,1.6287754018002019,0.06627389142430085,0.03590604510319706,1.0102446905540994
544,0.0,1.6287754018002019,0.06627389142430085,0.03590604510319706,1.0102446905540994
545,0.0,1.6287754018002019,0.06627389142430085,0.03590604510319706,1.0102446905540994
546,0.0,1.6287754018002019,0.06627389142430085,0.03590604510319706,1.0102446905540994
547,0.0,1.6287754018002019,0.06627389142430085,0.03590604510319706,1.0102446905540994
548,-0.06664000111741342,1.520233807204221,0.06627389142430085,0.03590604510319706,1.0102446905540994
549,-0.0817582515953299,1.395942149111092,0.06627389142430085,0.03590604510319706,1.0102446905540994
550,0.14117876703677767,1.5930195405772656,0.06627389142430085,0.03590604510319706,1.0102446905540994
551,-0.05865734079797502,1.4995772504877913,0.06627389142430085,0.03590604510319706,1.0102446905540994
552,-0.015926109153659773,1.4756948195121777,0.06627389142430085,0.03590604510319706,1.0102446905540994
553,-0.05845287562665846,1.3894362137643281,0.06627389142430085,0.03590604510319706,1.0102446905540994
554,0.07975802070691018,1.5002548960726743,0.06627389142430085,0.03590604510319706,1.0102446905540994
555,0.12458668023175035,1.6871666730757984,0.06627389142430085,0.03590604510319706,1.0102446905540994
556,0.056235741160546304,1.782045741397589,0.06627389142430085,0.03590604510319706,1.0102446905540994
557,0.1865283585010047,2.1144478083141873,0.06627389142430085,0.03590604510319706,1.0102446905540994
558,-0.12378203563201129,1.8527171543634124,0.06627389142430085,0.03590604510319706,1.0102446905540994
559,0.06373538811062507,1.9708008012559775,0.06627389142430085,0.03590604510319706,1.0102446905540994
560,-0.03221407346890803,1.9073132794517347,0.06627389142430085,0.03590604510319706,1.0102446905540994
561,0.0020039915008467357,1.911135519053208,0.06627389142430085,0.03590604510319706,1.0102446905540994
562,-0.03612761801861708,1.8420907450390422,0.06627389142430085,0.03590604510319706,1.0102446905540994
563,0.0,1.8420907450390422,0.06627389142430085,0.03590604510319706,1.0102446905540994
564,0.060404771111651545,1.9533618148600174,0.06627389142430085,0.03590604510319706,1.0102446905540994
565,-0.0515874745359558,1.852592811976418,0.06627389142430085,0.03590604510319706,1.0102446905540994
566,-0.04200676005899373,1.774771390236708,0.06627389142430085,0.03590604510319706,1.0102446905540994
567,0.0,1.774771390236708,0.06627389142430085,0.03590604510319706,1.0102446905540994
568,0.04948041953961613,1.862587823212528,0.06627389142430085,0.03590604510319706,1.0102446905540994
569,-1.1102230246251565e-16,1.8625878232125277,0.06627389142430085,0.03590604510319706,1.0102446905540994
570,-0.06592503695467622,1.7397966521359118,0.06627389142430085,0.03590604510319706,1.0102446905540994
571,-0.019205489241423845,1.7063830062510503,0.06627389142430085,0.03590604510319706,1.0102446905540994
572,-0.06334149384809973,1.5982981575580975,0.06627389142430085,0.03590604510319706,1.0102446905540994
573,0.02354186395878255,1.635925075348903,0.06627389142430085,0.03590604510319706,1.0102446905540994
574,-0.04263176671931446,1.5661826991663517,0.06627389142430085,0.03590604510319706,1.0102446905540994
575,0.02321256169130259,1.6025378116906015,0.06627389142430085,0.03590604510319706,1.0102446905540994
576,-0.041783795768182475,1.5355776990561314,0.06627389142430085,0.03590604510319706,1.0102446905540994
577,0.0,1.5355776990561314,0.06627389142430085,0.03590604510319706,1.0102446905540994
578,0.04239244949925047,1.6006745991155438,0.06627389142430085,0.03590604510319706,1.0102446905540994
579,0.0,1.6006745991155438,0.06627389142430085,0.03590604510319706,1.0102446905540994
580,-0.08380955287388414,1.4665227766670863,0.06627389142430085,0.03590604510319706,1.0102446905540994
581,-0.04372134912443548,1.402404422349488,0.06627389142430085,0.03590604510319706,1.0102446905540994
582,-0.0016522862556289653,1.4000872487976066,0.06627389142430085,0.03590604510319706,1.0102446905540994
583,-0.06776862936812544,1.305205254950803,0.06627389142430085,0.03590604510319706,1.0102446905540994
584,-0.02777451537240483,1.2689538115330283,0.06627389142430085,0.03590604510319706,1.0102446905540994
585,0.06506487872662814,1.3515181373901173,0.06627389142430085,0.03590604510319706,1.0102446905540994
586,-0.037132285266867626,1.3013331803692019,0.06627389142430085,0.03590604510319706,1.0102446905540994
587,0.06129050133034464,1.381092543391842,0.06627389142430085,0.03590604510319706,1.0102446905540994
588,0.026976910967688505,1.418350153973062,0.06627389142430085,0.03590604510319706,1.0102446905540994
589,0.04361563432174598,1.4802123956289432,0.06627389142430085,0.03590604510319706,1.0102446905540994
590,-0.14912772066003221,1.2594716949760731,0.06627389142430085,0.03590604510319706,1.0102446905540994
591,-0.08617971196721086,1.1509307870721803,0.06627389142430085,0.03590604510319706,1.0102446905540994
592,-0.09920789629892812,1.0367493649010797,0.06627389142430085,0.03590604510319706,1.0102446905540994
593,-0.013674865617860577,1.0225719566566551,0.06627389142430085,0.03590604510319706,1.0102446905540994
594,-0.05009100268788347,0.9713503020272124,0.06627389142430085,0.03590604510319706,1.0102446905540994
595,0.10960804071485075,1.0778181054801936,0.06627389142430085,0.03590604510319706,1.0102446905540994
596,0.13852505213901334,1.2271229147382101,0.06627389142430085,0.03590604510319706,1.0102446905540994
597,-0.10566989789941428,1.0974529616277917,0.06627389142430085,0.03590604510319706,1.0102446905540994
598,0.03525492553789156,1.136143584071318,0.06627389142430085,0.03590604510319706,1.0102446905540994
599,-0.03225632423452707,1.099495768246536,0.06627389142430085,0.03590604510319706,1.0102446905540994
600,0.08515886867390132,1.1931275839821531,0.06627389142430085,0.03590604510319706,1.0102446905540994
601,-0.07022209233511278,1.1093436686121882,0.06627389142430085,0.03590604510319706,1.0102446905540994
602,0.012752527780925949,1.1234906045647595,0.06627389142430085,0.03590604510319706,1.0102446905540994
603,-0.11845634832558705,0.9904060101699119,0.06627389142430085,0.03590604510319706,1.0102446905540994
604,0.025458676110793776,1.0156204360010113,0.06627389142430085,0.03590604510319706,1.0102446905540994
605,0.05466659963567366,1.0711409517576869,0.06627389142430085,0.03590604510319706,1.0102446905540994
606,0.05043832860839448,1.1251675110683494,0.06627389142430085,0.03590604510319706,1.0102446905540994
607,0.016475225451052067,1.1437048994833996,0.06627389142430085,0.03590604510319706,1.0102446905540994
608,-0.03622843682228161,1.1022702587891313,0.06627389142430085,0.03590604510319706,1.0102446905540994
609,0.10328330075722048,1.2161163694433885,0.06627389142430085,0.03590604510319706,1.0102446905540994
610,-0.11334519494673845,1.078275422470908,0.06627389142430085,0.03590604510319706,1.0102446905540994
611,0.019679893776119783,1.099495768246536,0.06627389142430085,0.03590604510319706,1.0102446905540994
612,0.05579282963434351,1.1608397483279966,0.06627389142430085,0.03590604510319706,1.0102446905540994
613,0.02818190917405894,1.1935544286810136,0.06627389142430085,0.03590604510319706,1.0102446905540994
614,-0.05129382719080999,1.1323324540734236,0.06627389142430085,0.03590604510319706,1.0102446905540994
615,-0.061821843294097345,1.0623295745408758,0.06627389142430085,0.03590604510319706,1.0102446905540994
616,-0.10185684445487198,0.9541240363070556,0.06627389142430085,0.03590604510319706,1.0102446905540994
617,-0.03003772337399213,0.9254643224399874,0.06627389142430085,0.03590604510319706,1.0102446905540994
618,0.0740923944960481,0.9940341901102289,0.06627389142430085,0.03590604510319706,1.0102446905540994
619,-0.06379780642333543,0.9306169892713995,0.06627389142430085,0.03590604510319706,1.0102446905540994
620,0.03820064972205239,0.9661671629039472,0.06627389142430085,0.03590604510319706,1.0102446905540994
621,0.0358484526634566,1.0008027607082954,0.06627389142430085,0.03590604510319706,1.0102446905540994
622,0.031348036700582727,1.0321759623810236,0.06627389142430085,0.03590604510319706,1.0102446905540994
623,0.07470311696620802,1.1092827240284815,0.06627389142430085,0.03590604510319706,1.0102446905540994
624,0.05881866321505913,1.1745292509833962,0.06627389142430085,0.03590604510319706,1.0102446905540994
625,-0.031202131231808594,1.1378814351586144,0.06627389142430085,0.03590604510319706,1.0102446905540994
626,-0.06149348145791944,1.0679091442243773,0.06627389142430085,0.03590604510319706,1.0102446905540994
627,-0.056415282487549345,1.007662748181922,0.06627389142430085,0.03590604510319706,1.0102446905540994
628,-0.05476549191301483,0.9524776020953187,0.06627389142430085,0.03590604510319706,1.0102446905540994
629,0.005441743839291302,0.9576607412185839,0.06627389142430085,0.03590604510319706,1.0102446905540994
630,0.0,0.9576607412185839,0.06627389142430085,0.03590604510319706,1.0102446905540994
631,-0.028235267190372282,0.9306209343125472,0.06627389142430085,0.03590604510319706,1.0102446905540994
632,0.06930995314988464,0.9951222276700518,0.06627389142430085,0.03590604510319706,1.0102446905540994
633,0.0067930328709628895,1.0018821256732402,0.06627389142430085,0.03590604510319706,1.0102446905540994
634,0.0,1.0018821256732402,0.06627389142430085,0.03590604510319706,1.0102446905540994
635,0.0,1.0018821256732402,0.06627389142430085,0.03590604510319706,1.0102446905540994
636,0.0,1.0018821256732402,0.06627389142430085,0.03590604510319706,1.0102446905540994
637,-0.04603425752230972,0.9557612258929992,0.06627389142430085,0.03590604510319706,1.0102446905540994
638,0.01956310335758671,0.9744588815403177,0.06627389142430085,0.03590604510319706,1.0102446905540994
639,0.0,0.9744588815403177,0.06627389142430085,0.03590604510319706,1.0102446905540994
640,0.05623841317976708,1.0292609027470758,0.06627389142430085,0.03590604510319706,1.0102446905540994
641,0.11987206501656122,1.1526405326001778,0.06627389142430085,0.03590604510319706,1.0102446905540994
642,0.0496232726453909,1.209838328011525,0.06627389142430085,0.03590604510319706,1.0102446905540994
643,-0.07549512219211407,1.118501435605592,0.06627389142430085,0.03590604510319706,1.0102446905540994
644,-0.017135191855278675,1.0993356989160856,0.06627389142430085,0.03590604510319706,1.0102446905540994
645,0.0,1.0993356989160856,0.06627389142430085,0.03590604510319706,1.0102446905540994
646,0.11695729098692809,1.2279110241465323,0.06627389142430085,0.03590604510319706,1.0102446905540994
647,0.01901243294646915,1.2512566001573484,0.06627389142430085,0.03590604510319706,1.0102446905540994
648,-0.030075132858438436,1.2136248916676182,0.06627389142430085,0.03590604510319706,1.0102446905540994
649,0.046224424663073194,1.2697240040417384,0.06627389142430085,0.03590604510319706,1.0102446905540994
650,0.035675167419050524,1.3150216204619145,0.06627389142430085,0.03590604510319706,1.0102446905540994
651,0.11102274616748797,1.4610189320352163,0.06627389142430085,0.03590604510319706,1.0102446905540994
652,-0.021702834266370763,1.429310680293226,0.06627389142430085,0.03590604510319706,1.0102446905540994
653,-0.005119431548736508,1.4219934221035868,0.06627389142430085,0.03590604510319706,1.0102446905540994
654,-0.025483971588591725,1.3857553821355346,0.06627389142430085,0.03590604510319706,1.0102446905540994
655,-0.07593664629124053,1.2805257658361258,0.06627389142430085,0.03590604510319706,1.0102446905540994
656,0.1050340302136481,1.4150245478143122,0.06627389142430085,0.03590604510319706,1.0102446905540994
657,-0.004678710626707661,1.408404057425401,0.06627389142430085,0.03590604510319706,1.0102446905540994
658,0.008411681543546434,1.4202511038411023,0.06627389142430085,0.03590604510319706,1.0102446905540994
659,-0.022571104191122737,1.3881944681987477,0.06627389142430085,0.03590604510319706,1.0102446905540994
660,-0.006526062262484977,1.3791350246668455,0.06627389142430085,0.03590604510319706,1.0102446905540994
661,-0.05760491380789279,1.2996900704414658,0.06627389142430085,0.03590604510319706,1.0102446905540994
662,-0.011796210072621327,1.2843586533412383,0.06627389142430085,0.03590604510319706,1.0102446905540994
663,0.0,1.2843586533412383,0.06627389142430085,0.03590604510319706,1.0102446905540994
664,-0.029824574123079817,1.2460532034840437,0.06627389142430085,0.03590604510319706,1.0102446905540994
665,-0.02139840500127721,1.2193896523827532,0.06627389142430085,0.03590604510319706,1.0102446905540994
666,0.0,1.2193896523827532,0.06627389142430085,0.03590604510319706,1.0102446905540994
667,0.03154097951889212,1.2578503964341066,0.06627389142430085,0.03590604510319706,1.0102446905540994
668,-0.055911531016632376,1.1875220549795977,0.06627389142430085,0.03590604510319706,1.0102446905540994
669,-0.014805603392892164,1.1699400744132575,0.06627389142430085,0.03590604510319706,1.0102446905540994
670,0.0,1.1699400744132575,0.06627389142430085,0.03590604510319706,1.0102446905540994
671,0.009247417172657535,1.1807589983483668,0.06627389142430085,0.03590604510319706,1.0102446905540994
672,-0.012006292743969693,1.16658246015412,0.06627389142430085,0.03590604510319706,1.0102446905540994
673,-0.03709625297188346,1.1233066220996806,0.06627389142430085,0.03590604510319706,1.0102446905540994
674,-0.008967135579228236,1.1132337793222677,0.06627389142430085,0.03590604510319706,1.0102446905540994
675,0.038203732701709514,1.1557634650620094,0.06627389142430085,0.03590604510319706,1.0102446905540994
676,0.0,1.1557634650620094,0.06627389142430085,0.03590604510319706,1.0102446905540994
677,0.08985600473528854,1.2596157524514948,0.06627389142430085,0.03590604510319706,1.0102446905540994
678,0.010054537785500806,1.2722806066297303,0.06627389142430085,0.03590604510319706,1.0102446905540994
679,-0.06996584457191679,1.1832644194544106,0.06627389142430085,0.03590604510319706,1.0102446905540994
680,0.030275163323284726,1.2190879430080246,0.06627389142430085,0.03590604510319706,1.0102446905540994
681,0.0,1.2190879430080246,0.06627389142430085,0.03590604510319706,1.0102446905540994
682,-0.06262921794532839,1.142737418530853,0.06627389142430085,0.03590604510319706,1.0102446905540994
683,0.03813422949666312,1.1863148295035328,0.06627389142430085,0.03590604510319706,1.0102446905540994
684,-0.060412809554763136,1.1146462176367447,0.06627389142430085,0.03590604510319706,1.0102446905540994
685,-0.012924120065220923,1.100240396089763,0.06627389142430085,0.03590604510319706,1.0102446905540994
686,-0.06481177059521392,1.028931867938806,0.06627389142430085,0.03590604510319706,1.0102446905540994
687,0.006650351280614197,1.0357746263044176,0.06627389142430085,0.03590604510319706,1.0102446905540994
688,-0.0177329702650586,1.0174072656548592,0.06627389142430085,0.03590604510319706,1.0102446905540994
689,-0.014159278532045017,1.0030015127999257,0.06627389142430085,0.03590604510319706,1.0102446905540994
690,0.04991021079386737,1.0530615297303378,0.06627389142430085,0.03590604510319706,1.0102446905540994
691,-0.08447330139154918,0.9641059457455812,0.06627389142430085,0.03590604510319706,1.0102446905540994
692,0.006350394971496698,0.970228399295434,0.06627389142430085,0.03590604510319706,1.0102446905540994
693,0.03043799846208528,0.99976020982106,0.06627389142430085,0.03590604510319706,1.0102446905540994
694,0.13580693179682735,1.1355345764494105,0.06627389142430085,0.03590604510319706,1.0102446905540994
695,-0.022201102051860655,1.1103244574342408,0.06627389142430085,0.03590604510319706,1.0102446905540994
696,-0.024975687955535508,1.082593340255964,0.06627389142430085,0.03590604510319706,1.0102446905540994
697,-0.09481039361623222,0.9799522395399844,0.06627389142430085,0.03590604510319706,1.0102446905540994
698,-0.027930847008624027,0.9525813434616347,0.06627389142430085,0.03590604510319706,1.0102446905540994
699,0.0,0.9525813434616347,0.06627389142430085,0.03590604510319706,1.0102446905540994
700,0.01246590159225347,0.964456128747844,0.06627389142430085,0.03590604510319706,1.0102446905540994
701,0.0,0.964456128747844,0.06627389142430085,0.03590604510319706,1.0102446905540994
702,-0.006859767787570803,0.9578401836633343,0.06627389142430085,0.03590604510319706,1.0102446905540994
703,0.06523410582418387,1.020324031567084,0.06627389142430085,0.03590604510319706,1.0102446905540994
704,0.0,1.020324031567084,0.06627389142430085,0.03590604510319706,1.0102446905540994
705,0.0,1.020324031567084,0.06627389142430085,0.03590604510319706,1.0102446905540994
706,0.0,1.020324031567084,0.06627389142430085,0.03590604510319706,1.0102446905540994
707,0.000672736564804044,1.0210104408510676,0.06627389142430085,0.03590604510319706,1.0102446905540994
708,-0.03361344537815125,0.9866907621669981,0.06627389142430085,0.03590604510319706,1.0102446905540994
709,0.03756521473760177,1.0237560125274094,0.06627389142430085,0.03590604510319706,1.0102446905540994
710,0.0,1.0237560125274094,0.06627389142430085,0.03590604510319706,1.0102446905540994
711,0.17343424297324805,1.2013103615494118,0.06627389142430085,0.03590604510319706,1.0102446905540994
712,0.0026393007805027846,1.2044809809242754,0.06627389142430085,0.03590604510319706,1.0102446905540994
713,0.0011699595534964136,1.2058901749549125,0.06627389142430085,0.03590604510319706,1.0102446905540994
714,0.016359958538709085,1.2256184882194114,0.06627389142430085,0.03590604510319706,1.0102446905540994
715,-0.036792255254665784,1.1805252199560052,0.06627389142430085,0.03590604510319706,1.0102446905540994
716,0.006863723320027715,1.1886280184380982,0.06627389142430085,0.03590604510319706,1.0102446905540994
717,-0.04712507627415574,1.1326138324076043,0.06627389142430085,0.03590604510319706,1.0102446905540994
718,0.0027993825292804697,1.1357844517824676,0.06627389142430085,0.03590604510319706,1.0102446905540994
719,0.0,1.1357844517824676,0.06627389142430085,0.03590604510319706,1.0102446905540994
720,0.0,1.1357844517824676,0.06627389142430085,0.03590604510319706,1.0102446905540994
721,0.0,1.1357844517824676,0.06627389142430085,0.03590604510319706,1.0102446905540994
722,0.08025199780542547,1.2269334231143505,0.06627389142430085,0.03590604510319706,1.0102446905540994
723,-0.026369095766798023,1.194580298180763,0.06627389142430085,0.03590604510319706,1.0102446905540994
724,-1.1102230246251565e-16,1.1945802981807627,0.06627389142430085,0.03590604510319706,1.0102446905540994
725,-0.03773118738027237,1.1495073651093228,0.06627389142430085,0.03590604510319706,1.0102446905540994
726,0.0,1.1495073651093228,0.06627389142430085,0.03590604510319706,1.0102446905540994
727,0.0,1.1495073651093228,0.06627389142430085,0.03590604510319706,1.0102446905540994
728,0.0,1.1495073651093228,0.06627389142430085,0.03590604510319706,1.0102446905540994
729,0.0,1.1495073651093228,0.06627389142430085,0.03590604510319706,1.0102446905540994
730,0.0,1.1495073651093228,0.06627389142430085,0.03590604510319706,1.0102446905540994
731,0.0,1.1495073651093228,0.06627389142430085,0.03590604510319706,1.0102446905540994
732,0.0,1.1495073651093228,0.06627389142430085,0.03590604510319706,1.0102446905540994
733,-0.023139555131856615,1.1229082760599005,0.06627389142430085,0.03590604510319706,1.0102446905540994
734,0.10040375206009045,1.2356524801956423,0.06627389142430085,0.03590604510319706,1.0102446905540994
735,0.06164384520354549,1.3118228504101996,0.06627389142430085,0.03590604510319706,1.0102446905540994
736,-0.007834104622903015,1.3015458929533712,0.06627389142430085,0.03590604510319706,1.0102446905540994
737,-0.05271714782553838,1.232932105712826,0.06627389142430085,0.03590604510319706,1.0102446905540994
738,0.0,1.232932105712826,0.06627389142430085,0.03590604510319706,1.0102446905540994
739,0.0,1.232932105712826,0.06627389142430085,0.03590604510319706,1.0102446905540994
740,0.0038970564988454193,1.2377369117880292,0.06627389142430085,0.03590604510319706,1.0102446905540994
741,-0.00672873513561334,1.2294085079410355,0.06627389142430085,0.03590604510319706,1.0102446905540994
742,0.0,1.2294085079410355,0.06627389142430085,0.03590604510319706,1.0102446905540994
743,2.220446049250313e-16,1.2294085079410357,0.06627389142430085,0.03590604510319706,1.0102446905540994
744,-0.013924629134294153,1.212289450413411,0.06627389142430085,0.03590604510319706,1.0102446905540994
745,0.0,1.212289450413411,0.06627389142430085,0.03590604510319706,1.0102446905540994
746,0.0,1.212289450413411,0.06627389142430085,0.03590604510319706,1.0102446905540994
747,0.0,1.212289450413411,0.06627389142430085,0.03590604510319706,1.0102446905540994
748,0.0,1.212289450413411,0.06627389142430085,0.03590604510319706,1.0102446905540994
749,0.0,1.212289450413411,0.06627389142430085,0.03590604510319706,1.0102446905540994
750,0.0,1.212289450413411,0.06627389142430085,0.03590604510319706,1.0102446905540994
751,0.0,1.212289450413411,0.06627389142430085,0.03590604510319706,1.0102446905540994
752,0.0,1.212289450413411,0.06627389142430085,0.03590604510319706,1.0102446905540994
753,0.0,1.212289450413411,0.06627389142430085,0.03590604510319706,1.0102446905540994
754,0.0,1.212289450413411,0.06627389142430085,0.03590604510319706,1.0102446905540994
755,0.0,1.212289450413411,0.06627389142430085,0.03590604510319706,1.0102446905540994
